student_id,subject,marks
S0001,Mathematics,46
S0001,English,66
S0001,Science,74
S0001,Computer Science,82
S0001,DBMS,60
S0002,Mathematics,68
S0002,English,64
S0002,Science,38
S0002,Computer Science,91
S0002,DBMS,72
S0003,Mathematics,38
S0003,English,51
S0003,Science,41
S0003,Computer Science,89
S0003,DBMS,86
S0004,Mathematics,74
S0004,English,79
S0004,Science,68
S0004,Computer Science,57
S0004,DBMS,86
S0005,Mathematics,95
S0005,English,72
S0005,Science,69
S0005,Computer Science,46
S0005,DBMS,71
S0006,Mathematics,71
S0006,English,68
S0006,Science,81
S0006,Computer Science,76
S0006,DBMS,94
S0007,Mathematics,40
S0007,English,59
S0007,Science,61
S0007,Computer Science,91
S0007,DBMS,41
S0008,Mathematics,95
S0008,English,50
S0008,Science,85
S0008,Computer Science,86
S0008,DBMS,96
S0009,Mathematics,43
S0009,English,93
S0009,Science,16
S0009,Computer Science,40
S0009,DBMS,52
S0010,Mathematics,67
S0010,English,97
S0010,Science,95
S0010,Computer Science,69
S0010,DBMS,41
S0011,Mathematics,46
S0011,English,83
S0011,Science,59
S0011,Computer Science,70
S0011,DBMS,16
S0012,Mathematics,99
S0012,English,92
S0012,Science,90
S0012,Computer Science,57
S0012,DBMS,74
S0013,Mathematics,65
S0013,English,44
S0013,Science,91
S0013,Computer Science,40
S0013,DBMS,80
S0014,Mathematics,70
S0014,English,37
S0014,Science,45
S0014,Computer Science,50
S0014,DBMS,53
S0015,Mathematics,70
S0015,English,99
S0015,Science,38
S0015,Computer Science,73
S0015,DBMS,46
S0016,Mathematics,57
S0016,English,77
S0016,Science,37
S0016,Computer Science,63
S0016,DBMS,59
S0017,Mathematics,80
S0017,English,93
S0017,Science,60
S0017,Computer Science,46
S0017,DBMS,50
S0018,Mathematics,94
S0018,English,95
S0018,Science,43
S0018,Computer Science,80
S0018,DBMS,82
S0019,Mathematics,67
S0019,English,52
S0019,Science,92
S0019,Computer Science,95
S0019,DBMS,48
S0020,Mathematics,38
S0020,English,38
S0020,Science,57
S0020,Computer Science,78
S0020,DBMS,95
S0021,Mathematics,48
S0021,English,81
S0021,Science,75
S0021,Computer Science,87
S0021,DBMS,72
S0022,Mathematics,42
S0022,English,98
S0022,Science,46
S0022,Computer Science,56
S0022,DBMS,56
S0023,Mathematics,90
S0023,English,57
S0023,Science,49
S0023,Computer Science,40
S0023,DBMS,43
S0024,Mathematics,90
S0024,English,99
S0024,Science,99
S0024,Computer Science,98
S0024,DBMS,42
S0025,Mathematics,63
S0025,English,49
S0025,Science,64
S0025,Computer Science,56
S0025,DBMS,87
S0026,Mathematics,70
S0026,English,47
S0026,Science,60
S0026,Computer Science,100
S0026,DBMS,90
S0027,Mathematics,44
S0027,English,16
S0027,Science,50
S0027,Computer Science,85
S0027,DBMS,95
S0028,Mathematics,70
S0028,English,47
S0028,Science,72
S0028,Computer Science,15
S0028,DBMS,75
S0029,Mathematics,46
S0029,English,75
S0029,Science,38
S0029,Computer Science,99
S0029,DBMS,16
S0030,Mathematics,96
S0030,English,69
S0030,Science,95
S0030,Computer Science,60
S0030,DBMS,67
S0031,Mathematics,65
S0031,English,90
S0031,Science,83
S0031,Computer Science,50
S0031,DBMS,54
S0032,Mathematics,73
S0032,English,73
S0032,Science,39
S0032,Computer Science,95
S0032,DBMS,81
S0033,Mathematics,86
S0033,English,46
S0033,Science,82
S0033,Computer Science,91
S0033,DBMS,39
S0034,Mathematics,75
S0034,English,67
S0034,Science,74
S0034,Computer Science,42
S0034,DBMS,85
S0015,Mathematics,82
S0015,English,40
S0015,Science,47
S0015,Computer Science,87
S0015,DBMS,81
S0016,Mathematics,76
S0016,English,62
S0016,Science,54
S0016,Computer Science,96
S0016,DBMS,68
S0037,Mathematics,73
S0037,English,39
S0037,Science,43
S0037,Computer Science,81
S0037,DBMS,44
S0038,Mathematics,75
S0038,English,96
S0038,Science,89
S0038,Computer Science,51
S0038,DBMS,100
S0039,Mathematics,71
S0039,English,61
S0039,Science,87
S0039,Computer Science,38
S0039,DBMS,85
S0040,Mathematics,60
S0040,English,64
S0040,Science,16
S0040,Computer Science,74
S0040,DBMS,91
S0041,Mathematics,67
S0041,English,42
S0041,Science,96
S0041,Computer Science,97
S0041,DBMS,61
S0042,Mathematics,61
S0042,English,60
S0042,Science,45
S0042,Computer Science,16
S0042,DBMS,79
S0043,Mathematics,71
S0043,English,70
S0043,Science,37
S0043,Computer Science,75
S0043,DBMS,50
S0044,Mathematics,75
S0044,English,84
S0044,Science,81
S0044,Computer Science,50
S0044,DBMS,59
S0045,Mathematics,49
S0045,English,38
S0045,Science,40
S0045,Computer Science,15
S0045,DBMS,63
S0046,Mathematics,74
S0046,English,50
S0046,Science,83
S0046,Computer Science,80
S0046,DBMS,39
S0047,Mathematics,48
S0047,English,50
S0047,Science,86
S0047,Computer Science,95
S0047,DBMS,58
S0048,Mathematics,73
S0048,English,88
S0048,Science,46
S0048,Computer Science,88
S0048,DBMS,97
S0049,Mathematics,64
S0049,English,68
S0049,Science,57
S0049,Computer Science,54
S0049,DBMS,85
S0050,Mathematics,46
S0050,English,73
S0050,Science,88
S0050,Computer Science,62
S0050,DBMS,15
S0051,Mathematics,42
S0051,English,76
S0051,Science,83
S0051,Computer Science,93
S0051,DBMS,78
S0052,Mathematics,52
S0052,English,57
S0052,Science,79
S0052,Computer Science,39
S0052,DBMS,67
S0053,Mathematics,45
S0053,English,46
S0053,Science,44
S0053,Computer Science,94
S0053,DBMS,78
S0054,Mathematics,42
S0054,English,59
S0054,Science,75
S0054,Computer Science,82
S0054,DBMS,47
S0055,Mathematics,54
S0055,English,76
S0055,Science,83
S0055,Computer Science,44
S0055,DBMS,49
S0056,Mathematics,45
S0056,English,44
S0056,Science,70
S0056,Computer Science,52
S0056,DBMS,49
S0057,Mathematics,64
S0057,English,58
S0057,Science,41
S0057,Computer Science,91
S0057,DBMS,73
S0058,Mathematics,99
S0058,English,83
S0058,Science,65
S0058,Computer Science,62
S0058,DBMS,79
S0059,Mathematics,45
S0059,English,100
S0059,Science,56
S0059,Computer Science,77
S0059,DBMS,62
S0060,Mathematics,15
S0060,English,100
S0060,Science,93
S0060,Computer Science,49
S0060,DBMS,90
S0061,Mathematics,60
S0061,English,88
S0061,Science,42
S0061,Computer Science,74
S0061,DBMS,66
S0062,Mathematics,56
S0062,English,77
S0062,Science,87
S0062,Computer Science,47
S0062,DBMS,63
S0063,Mathematics,98
S0063,English,70
S0063,Science,88
S0063,Computer Science,73
S0063,DBMS,95
S0064,Mathematics,98
S0064,English,91
S0064,Science,78
S0064,Computer Science,69
S0064,DBMS,64
S0065,Mathematics,62
S0065,English,74
S0065,Science,84
S0065,Computer Science,76
S0065,DBMS,97
S0066,Mathematics,58
S0066,English,74
S0066,Science,59
S0066,Computer Science,70
S0066,DBMS,41
S0067,Mathematics,67
S0067,English,74
S0067,Science,96
S0067,Computer Science,90
S0067,DBMS,82
S0068,Mathematics,98
S0068,English,54
S0068,Science,78
S0068,Computer Science,44
S0068,DBMS,59
S0069,Mathematics,90
S0069,English,63
S0069,Science,82
S0069,Computer Science,62
S0069,DBMS,59
S0070,Mathematics,60
S0070,English,88
S0070,Science,66
S0070,Computer Science,95
S0070,DBMS,67
S0071,Mathematics,46
S0071,English,63
S0071,Science,79
S0071,Computer Science,62
S0071,DBMS,37
S0072,Mathematics,77
S0072,English,90
S0072,Science,93
S0072,Computer Science,69
S0072,DBMS,70
S0073,Mathematics,60
S0073,English,55
S0073,Science,56
S0073,Computer Science,43
S0073,DBMS,44
S0074,Mathematics,71
S0074,English,92
S0074,Science,94
S0074,Computer Science,47
S0074,DBMS,99
S0075,Mathematics,49
S0075,English,44
S0075,Science,83
S0075,Computer Science,83
S0075,DBMS,81
S0076,Mathematics,59
S0076,English,87
S0076,Science,16
S0076,Computer Science,81
S0076,DBMS,92
S0077,Mathematics,65
S0077,English,74
S0077,Science,69
S0077,Computer Science,45
S0077,DBMS,81
S0078,Mathematics,73
S0078,English,47
S0078,Science,53
S0078,Computer Science,46
S0078,DBMS,67
S0079,Mathematics,52
S0079,English,87
S0079,Science,65
S0079,Computer Science,90
S0079,DBMS,82
S0080,Mathematics,90
S0080,English,63
S0080,Science,47
S0080,Computer Science,99
S0080,DBMS,73
S0081,Mathematics,70
S0081,English,69
S0081,Science,54
S0081,Computer Science,77
S0081,DBMS,45
S0082,Mathematics,43
S0082,English,41
S0082,Science,73
S0082,Computer Science,70
S0082,DBMS,68
S0083,Mathematics,51
S0083,English,44
S0083,Science,77
S0083,Computer Science,52
S0083,DBMS,63
S0084,Mathematics,100
S0084,English,78
S0084,Science,45
S0084,Computer Science,48
S0084,DBMS,96
S0085,Mathematics,88
S0085,English,90
S0085,Science,86
S0085,Computer Science,52
S0085,DBMS,90
S0086,Mathematics,71
S0086,English,87
S0086,Science,82
S0086,Computer Science,64
S0086,DBMS,75
S0087,Mathematics,41
S0087,English,54
S0087,Science,84
S0087,Computer Science,74
S0087,DBMS,57
S0088,Mathematics,46
S0088,English,82
S0088,Science,81
S0088,Computer Science,15
S0088,DBMS,81
S0089,Mathematics,52
S0089,English,78
S0089,Science,74
S0089,Computer Science,66
S0089,DBMS,58
S0090,Mathematics,42
S0090,English,56
S0090,Science,66
S0090,Computer Science,86
S0090,DBMS,87
S0091,Mathematics,41
S0091,English,90
S0091,Science,49
S0091,Computer Science,75
S0091,DBMS,47
S0092,Mathematics,88
S0092,English,78
S0092,Science,66
S0092,Computer Science,68
S0092,DBMS,64
S0093,Mathematics,46
S0093,English,72
S0093,Science,84
S0093,Computer Science,71
S0093,DBMS,100
S0094,Mathematics,90
S0094,English,54
S0094,Science,93
S0094,Computer Science,90
S0094,DBMS,66
S0095,Mathematics,70
S0095,English,74
S0095,Science,66
S0095,Computer Science,44
S0095,DBMS,63
S0096,Mathematics,46
S0096,English,38
S0096,Science,86
S0096,Computer Science,62
S0096,DBMS,80
S0097,Mathematics,51
S0097,English,59
S0097,Science,98
S0097,Computer Science,46
S0097,DBMS,97
S0098,Mathematics,73
S0098,English,47
S0098,Science,84
S0098,Computer Science,94
S0098,DBMS,67
S0099,Mathematics,68
S0099,English,82
S0099,Science,40
S0099,Computer Science,37
S0099,DBMS,56
S0100,Mathematics,79
S0100,English,78
S0100,Science,87
S0100,Computer Science,72
S0100,DBMS,59
S0101,Mathematics,53
S0101,English,54
S0101,Science,15
S0101,Computer Science,71
S0101,DBMS,62
S0102,Mathematics,74
S0102,English,42
S0102,Science,80
S0102,Computer Science,49
S0102,DBMS,46
S0103,Mathematics,69
S0103,English,93
S0103,Science,52
S0103,Computer Science,53
S0103,DBMS,82
S0104,Mathematics,66
S0104,English,38
S0104,Science,37
S0104,Computer Science,74
S0104,DBMS,100
S0105,Mathematics,86
S0105,English,90
S0105,Science,65
S0105,Computer Science,73
S0105,DBMS,72
S0106,Mathematics,98
S0106,English,15
S0106,Science,92
S0106,Computer Science,68
S0106,DBMS,67
S0107,Mathematics,80
S0107,English,51
S0107,Science,74
S0107,Computer Science,95
S0107,DBMS,96
S0108,Mathematics,72
S0108,English,92
S0108,Science,97
S0108,Computer Science,69
S0108,DBMS,69
S0109,Mathematics,41
S0109,English,58
S0109,Science,51
S0109,Computer Science,92
S0109,DBMS,41
S0110,Mathematics,70
S0110,English,57
S0110,Science,59
S0110,Computer Science,83
S0110,DBMS,57
S0111,Mathematics,56
S0111,English,82
S0111,Science,64
S0111,Computer Science,68
S0111,DBMS,45
S0112,Mathematics,37
S0112,English,51
S0112,Science,42
S0112,Computer Science,52
S0112,DBMS,53
S0113,Mathematics,43
S0113,English,83
S0113,Science,79
S0113,Computer Science,45
S0113,DBMS,45
S0114,Mathematics,15
S0114,English,55
S0114,Science,80
S0114,Computer Science,82
S0114,DBMS,38
S0115,Mathematics,49
S0115,English,83
S0115,Science,56
S0115,Computer Science,85
S0115,DBMS,59
S0116,Mathematics,76
S0116,English,68
S0116,Science,62
S0116,Computer Science,79
S0116,DBMS,74
S0117,Mathematics,90
S0117,English,83
S0117,Science,73
S0117,Computer Science,74
S0117,DBMS,100
S0118,Mathematics,87
S0118,English,47
S0118,Science,98
S0118,Computer Science,91
S0118,DBMS,98
S0119,Mathematics,53
S0119,English,52
S0119,Science,69
S0119,Computer Science,39
S0119,DBMS,15
S0120,Mathematics,92
S0120,English,50
S0120,Science,39
S0120,Computer Science,72
S0120,DBMS,59
S0121,Mathematics,62
S0121,English,78
S0121,Science,64
S0121,Computer Science,78
S0121,DBMS,44
S0122,Mathematics,40
S0122,English,92
S0122,Science,98
S0122,Computer Science,60
S0122,DBMS,77
S0123,Mathematics,82
S0123,English,41
S0123,Science,83
S0123,Computer Science,88
S0123,DBMS,43
S0124,Mathematics,85
S0124,English,47
S0124,Science,90
S0124,Computer Science,45
S0124,DBMS,78
S0125,Mathematics,95
S0125,English,48
S0125,Science,56
S0125,Computer Science,16
S0125,DBMS,51
S0126,Mathematics,88
S0126,English,49
S0126,Science,92
S0126,Computer Science,87
S0126,DBMS,53
S0127,Mathematics,15
S0127,English,80
S0127,Science,44
S0127,Computer Science,66
S0127,DBMS,66
S0128,Mathematics,43
S0128,English,48
S0128,Science,67
S0128,Computer Science,45
S0128,DBMS,47
S0129,Mathematics,68
S0129,English,99
S0129,Science,96
S0129,Computer Science,60
S0129,DBMS,47
S0130,Mathematics,94
S0130,English,49
S0130,Science,98
S0130,Computer Science,77
S0130,DBMS,64
S0131,Mathematics,95
S0131,English,57
S0131,Science,39
S0131,Computer Science,41
S0131,DBMS,78
S0132,Mathematics,61
S0132,English,42
S0132,Science,86
S0132,Computer Science,71
S0132,DBMS,73
S0133,Mathematics,90
S0133,English,38
S0133,Science,96
S0133,Computer Science,80
S0133,DBMS,83
S0134,Mathematics,76
S0134,English,72
S0134,Science,65
S0134,Computer Science,91
S0134,DBMS,97
S0115,Mathematics,98
S0115,English,71
S0115,Science,40
S0115,Computer Science,63
S0115,DBMS,59
S0116,Mathematics,88
S0116,English,61
S0116,Science,99
S0116,Computer Science,71
S0116,DBMS,100
S0137,Mathematics,65
S0137,English,45
S0137,Science,100
S0137,Computer Science,66
S0137,DBMS,52
S0138,Mathematics,98
S0138,English,78
S0138,Science,58
S0138,Computer Science,40
S0138,DBMS,38
S0139,Mathematics,54
S0139,English,68
S0139,Science,99
S0139,Computer Science,50
S0139,DBMS,50
S0140,Mathematics,40
S0140,English,47
S0140,Science,70
S0140,Computer Science,95
S0140,DBMS,46
S0141,Mathematics,98
S0141,English,52
S0141,Science,61
S0141,Computer Science,73
S0141,DBMS,64
S0142,Mathematics,86
S0142,English,66
S0142,Science,82
S0142,Computer Science,68
S0142,DBMS,84
S0143,Mathematics,73
S0143,English,56
S0143,Science,76
S0143,Computer Science,85
S0143,DBMS,59
S0144,Mathematics,83
S0144,English,42
S0144,Science,66
S0144,Computer Science,60
S0144,DBMS,59
S0145,Mathematics,42
S0145,English,92
S0145,Science,38
S0145,Computer Science,76
S0145,DBMS,42
S0146,Mathematics,54
S0146,English,91
S0146,Science,88
S0146,Computer Science,99
S0146,DBMS,87
S0147,Mathematics,100
S0147,English,81
S0147,Science,44
S0147,Computer Science,66
S0147,DBMS,64
S0148,Mathematics,42
S0148,English,71
S0148,Science,73
S0148,Computer Science,41
S0148,DBMS,70
S0149,Mathematics,71
S0149,English,57
S0149,Science,96
S0149,Computer Science,44
S0149,DBMS,76
S0150,Mathematics,54
S0150,English,82
S0150,Science,74
S0150,Computer Science,87
S0150,DBMS,51
S0151,Mathematics,65
S0151,English,61
S0151,Science,53
S0151,Computer Science,98
S0151,DBMS,61
S0152,Mathematics,40
S0152,English,61
S0152,Science,45
S0152,Computer Science,73
S0152,DBMS,42
S0153,Mathematics,62
S0153,English,90
S0153,Science,75
S0153,Computer Science,58
S0153,DBMS,45
S0154,Mathematics,99
S0154,English,40
S0154,Science,54
S0154,Computer Science,63
S0154,DBMS,88
S0155,Mathematics,53
S0155,English,46
S0155,Science,78
S0155,Computer Science,92
S0155,DBMS,66
S0156,Mathematics,52
S0156,English,94
S0156,Science,39
S0156,Computer Science,85
S0156,DBMS,81
S0157,Mathematics,97
S0157,English,86
S0157,Science,54
S0157,Computer Science,45
S0157,DBMS,63
S0158,Mathematics,56
S0158,English,78
S0158,Science,45
S0158,Computer Science,38
S0158,DBMS,90
S0159,Mathematics,16
S0159,English,60
S0159,Science,89
S0159,Computer Science,89
S0159,DBMS,42
S0160,Mathematics,98
S0160,English,81
S0160,Science,85
S0160,Computer Science,82
S0160,DBMS,50
S0161,Mathematics,57
S0161,English,40
S0161,Science,56
S0161,Computer Science,88
S0161,DBMS,41
S0162,Mathematics,42
S0162,English,53
S0162,Science,43
S0162,Computer Science,82
S0162,DBMS,96
S0163,Mathematics,76
S0163,English,74
S0163,Science,86
S0163,Computer Science,98
S0163,DBMS,57
S0164,Mathematics,50
S0164,English,16
S0164,Science,15
S0164,Computer Science,71
S0164,DBMS,93
S0165,Mathematics,60
S0165,English,72
S0165,Science,74
S0165,Computer Science,87
S0165,DBMS,37
S0166,Mathematics,72
S0166,English,56
S0166,Science,46
S0166,Computer Science,94
S0166,DBMS,73
S0167,Mathematics,56
S0167,English,85
S0167,Science,91
S0167,Computer Science,68
S0167,DBMS,94
S0168,Mathematics,56
S0168,English,73
S0168,Science,54
S0168,Computer Science,65
S0168,DBMS,71
S0169,Mathematics,45
S0169,English,65
S0169,Science,39
S0169,Computer Science,62
S0169,DBMS,50
S0170,Mathematics,78
S0170,English,83
S0170,Science,54
S0170,Computer Science,85
S0170,DBMS,55
S0171,Mathematics,37
S0171,English,48
S0171,Science,46
S0171,Computer Science,48
S0171,DBMS,62
S0172,Mathematics,99
S0172,English,64
S0172,Science,79
S0172,Computer Science,41
S0172,DBMS,87
S0173,Mathematics,58
S0173,English,52
S0173,Science,57
S0173,Computer Science,78
S0173,DBMS,40
S0174,Mathematics,100
S0174,English,43
S0174,Science,37
S0174,Computer Science,64
S0174,DBMS,88
S0175,Mathematics,54
S0175,English,73
S0175,Science,63
S0175,Computer Science,92
S0175,DBMS,59
S0176,Mathematics,41
S0176,English,48
S0176,Science,89
S0176,Computer Science,80
S0176,DBMS,63
S0177,Mathematics,75
S0177,English,82
S0177,Science,87
S0177,Computer Science,49
S0177,DBMS,71
S0178,Mathematics,68
S0178,English,84
S0178,Science,65
S0178,Computer Science,66
S0178,DBMS,72
S0179,Mathematics,68
S0179,English,37
S0179,Science,95
S0179,Computer Science,55
S0179,DBMS,88
S0180,Mathematics,83
S0180,English,68
S0180,Science,39
S0180,Computer Science,63
S0180,DBMS,95
S0181,Mathematics,93
S0181,English,93
S0181,Science,66
S0181,Computer Science,46
S0181,DBMS,43
S0182,Mathematics,15
S0182,English,56
S0182,Science,86
S0182,Computer Science,55
S0182,DBMS,57
S0183,Mathematics,78
S0183,English,16
S0183,Science,64
S0183,Computer Science,64
S0183,DBMS,85
S0184,Mathematics,69
S0184,English,83
S0184,Science,50
S0184,Computer Science,68
S0184,DBMS,45
S0185,Mathematics,43
S0185,English,100
S0185,Science,62
S0185,Computer Science,88
S0185,DBMS,51
S0186,Mathematics,73
S0186,English,54
S0186,Science,54
S0186,Computer Science,61
S0186,DBMS,50
S0187,Mathematics,44
S0187,English,82
S0187,Science,98
S0187,Computer Science,81
S0187,DBMS,59
S0188,Mathematics,16
S0188,English,78
S0188,Science,71
S0188,Computer Science,58
S0188,DBMS,40
S0189,Mathematics,99
S0189,English,44
S0189,Science,70
S0189,Computer Science,67
S0189,DBMS,71
S0190,Mathematics,38
S0190,English,81
S0190,Science,70
S0190,Computer Science,77
S0190,DBMS,44
S0191,Mathematics,49
S0191,English,100
S0191,Science,70
S0191,Computer Science,51
S0191,DBMS,74
S0192,Mathematics,82
S0192,English,50
S0192,Science,41
S0192,Computer Science,40
S0192,DBMS,59
S0193,Mathematics,80
S0193,English,57
S0193,Science,88
S0193,Computer Science,94
S0193,DBMS,90
S0194,Mathematics,50
S0194,English,43
S0194,Science,62
S0194,Computer Science,92
S0194,DBMS,74
S0195,Mathematics,79
S0195,English,44
S0195,Science,83
S0195,Computer Science,74
S0195,DBMS,94
S0196,Mathematics,99
S0196,English,47
S0196,Science,93
S0196,Computer Science,44
S0196,DBMS,71
S0197,Mathematics,67
S0197,English,40
S0197,Science,41
S0197,Computer Science,89
S0197,DBMS,90
S0198,Mathematics,79
S0198,English,94
S0198,Science,50
S0198,Computer Science,65
S0198,DBMS,64
S0199,Mathematics,37
S0199,English,41
S0199,Science,46
S0199,Computer Science,80
S0199,DBMS,55
S0200,Mathematics,48
S0200,English,45
S0200,Science,78
S0200,Computer Science,50
S0200,DBMS,55
S0201,Mathematics,68
S0201,English,95
S0201,Science,56
S0201,Computer Science,47
S0201,DBMS,70
S0202,Mathematics,97
S0202,English,79
S0202,Science,61
S0202,Computer Science,38
S0202,DBMS,74
S0203,Mathematics,76
S0203,English,64
S0203,Science,64
S0203,Computer Science,84
S0203,DBMS,49
S0204,Mathematics,48
S0204,English,83
S0204,Science,99
S0204,Computer Science,37
S0204,DBMS,61
S0205,Mathematics,61
S0205,English,95
S0205,Science,58
S0205,Computer Science,76
S0205,DBMS,73
S0206,Mathematics,76
S0206,English,54
S0206,Science,40
S0206,Computer Science,56
S0206,DBMS,61
S0207,Mathematics,99
S0207,English,52
S0207,Science,51
S0207,Computer Science,90
S0207,DBMS,86
S0208,Mathematics,38
S0208,English,97
S0208,Science,41
S0208,Computer Science,71
S0208,DBMS,67
S0209,Mathematics,99
S0209,English,47
S0209,Science,81
S0209,Computer Science,67
S0209,DBMS,43
S0210,Mathematics,77
S0210,English,44
S0210,Science,68
S0210,Computer Science,56
S0210,DBMS,94
S0211,Mathematics,62
S0211,English,90
S0211,Science,84
S0211,Computer Science,79
S0211,DBMS,44
S0212,Mathematics,42
S0212,English,74
S0212,Science,51
S0212,Computer Science,46
S0212,DBMS,55
S0213,Mathematics,54
S0213,English,43
S0213,Science,52
S0213,Computer Science,78
S0213,DBMS,57
S0214,Mathematics,39
S0214,English,93
S0214,Science,95
S0214,Computer Science,72
S0214,DBMS,90
S0215,Mathematics,90
S0215,English,98
S0215,Science,59
S0215,Computer Science,55
S0215,DBMS,62
S0216,Mathematics,45
S0216,English,52
S0216,Science,61
S0216,Computer Science,38
S0216,DBMS,95
S0217,Mathematics,49
S0217,English,80
S0217,Science,54
S0217,Computer Science,65
S0217,DBMS,88
S0218,Mathematics,51
S0218,English,88
S0218,Science,51
S0218,Computer Science,93
S0218,DBMS,66
S0219,Mathematics,70
S0219,English,73
S0219,Science,69
S0219,Computer Science,91
S0219,DBMS,72
S0220,Mathematics,42
S0220,English,91
S0220,Science,60
S0220,Computer Science,38
S0220,DBMS,84
S0221,Mathematics,64
S0221,English,15
S0221,Science,57
S0221,Computer Science,74
S0221,DBMS,82
S0222,Mathematics,54
S0222,English,58
S0222,Science,47
S0222,Computer Science,64
S0222,DBMS,40
S0223,Mathematics,52
S0223,English,58
S0223,Science,50
S0223,Computer Science,86
S0223,DBMS,37
S0224,Mathematics,55
S0224,English,99
S0224,Science,40
S0224,Computer Science,89
S0224,DBMS,44
S0225,Mathematics,79
S0225,English,72
S0225,Science,55
S0225,Computer Science,55
S0225,DBMS,75
S0226,Mathematics,53
S0226,English,38
S0226,Science,43
S0226,Computer Science,44
S0226,DBMS,100
S0227,Mathematics,63
S0227,English,71
S0227,Science,66
S0227,Computer Science,39
S0227,DBMS,100
S0228,Mathematics,92
S0228,English,46
S0228,Science,79
S0228,Computer Science,55
S0228,DBMS,56
S0229,Mathematics,44
S0229,English,60
S0229,Science,94
S0229,Computer Science,90
S0229,DBMS,80
S0230,Mathematics,95
S0230,English,40
S0230,Science,74
S0230,Computer Science,69
S0230,DBMS,68
S0231,Mathematics,56
S0231,English,91
S0231,Science,65
S0231,Computer Science,48
S0231,DBMS,72
S0232,Mathematics,64
S0232,English,88
S0232,Science,87
S0232,Computer Science,93
S0232,DBMS,41
S0233,Mathematics,59
S0233,English,47
S0233,Science,91
S0233,Computer Science,68
S0233,DBMS,74
S0234,Mathematics,56
S0234,English,56
S0234,Science,72
S0234,Computer Science,61
S0234,DBMS,42
S0215,Mathematics,55
S0215,English,40
S0215,Science,84
S0215,Computer Science,65
S0215,DBMS,70
S0216,Mathematics,61
S0216,English,78
S0216,Science,16
S0216,Computer Science,57
S0216,DBMS,47
S0237,Mathematics,99
S0237,English,94
S0237,Science,85
S0237,Computer Science,88
S0237,DBMS,67
S0238,Mathematics,72
S0238,English,78
S0238,Science,41
S0238,Computer Science,42
S0238,DBMS,80
S0239,Mathematics,75
S0239,English,94
S0239,Science,54
S0239,Computer Science,83
S0239,DBMS,91
S0240,Mathematics,85
S0240,English,82
S0240,Science,15
S0240,Computer Science,42
S0240,DBMS,78
S0241,Mathematics,43
S0241,English,67
S0241,Science,95
S0241,Computer Science,41
S0241,DBMS,55
S0242,Mathematics,92
S0242,English,52
S0242,Science,100
S0242,Computer Science,48
S0242,DBMS,43
S0243,Mathematics,80
S0243,English,60
S0243,Science,70
S0243,Computer Science,86
S0243,DBMS,66
S0244,Mathematics,78
S0244,English,59
S0244,Science,45
S0244,Computer Science,52
S0244,DBMS,88
S0245,Mathematics,45
S0245,English,40
S0245,Science,41
S0245,Computer Science,86
S0245,DBMS,73
S0246,Mathematics,79
S0246,English,66
S0246,Science,42
S0246,Computer Science,56
S0246,DBMS,73
S0247,Mathematics,46
S0247,English,40
S0247,Science,50
S0247,Computer Science,63
S0247,DBMS,66
S0248,Mathematics,54
S0248,English,79
S0248,Science,79
S0248,Computer Science,92
S0248,DBMS,82
S0249,Mathematics,72
S0249,English,62
S0249,Science,48
S0249,Computer Science,45
S0249,DBMS,57
S0250,Mathematics,77
S0250,English,53
S0250,Science,44
S0250,Computer Science,45
S0250,DBMS,37
S0251,Mathematics,52
S0251,English,60
S0251,Science,57
S0251,Computer Science,60
S0251,DBMS,47
S0252,Mathematics,80
S0252,English,93
S0252,Science,77
S0252,Computer Science,44
S0252,DBMS,75
S0253,Mathematics,51
S0253,English,68
S0253,Science,83
S0253,Computer Science,87
S0253,DBMS,42
S0254,Mathematics,46
S0254,English,79
S0254,Science,67
S0254,Computer Science,96
S0254,DBMS,99
S0255,Mathematics,76
S0255,English,94
S0255,Science,16
S0255,Computer Science,54
S0255,DBMS,96
S0256,Mathematics,75
S0256,English,75
S0256,Science,45
S0256,Computer Science,45
S0256,DBMS,47
S0257,Mathematics,71
S0257,English,70
S0257,Science,39
S0257,Computer Science,65
S0257,DBMS,81
S0258,Mathematics,49
S0258,English,40
S0258,Science,93
S0258,Computer Science,44
S0258,DBMS,76
S0259,Mathematics,67
S0259,English,83
S0259,Science,93
S0259,Computer Science,95
S0259,DBMS,57
S0260,Mathematics,83
S0260,English,90
S0260,Science,77
S0260,Computer Science,43
S0260,DBMS,84
S0261,Mathematics,41
S0261,English,51
S0261,Science,95
S0261,Computer Science,97
S0261,DBMS,15
S0262,Mathematics,39
S0262,English,41
S0262,Science,70
S0262,Computer Science,86
S0262,DBMS,69
S0263,Mathematics,96
S0263,English,43
S0263,Science,85
S0263,Computer Science,16
S0263,DBMS,60
S0264,Mathematics,52
S0264,English,91
S0264,Science,39
S0264,Computer Science,44
S0264,DBMS,67
S0265,Mathematics,81
S0265,English,81
S0265,Science,93
S0265,Computer Science,47
S0265,DBMS,59
S0266,Mathematics,77
S0266,English,97
S0266,Science,77
S0266,Computer Science,49
S0266,DBMS,37
S0267,Mathematics,95
S0267,English,83
S0267,Science,84
S0267,Computer Science,54
S0267,DBMS,62
S0268,Mathematics,68
S0268,English,41
S0268,Science,53
S0268,Computer Science,98
S0268,DBMS,56
S0269,Mathematics,16
S0269,English,73
S0269,Science,72
S0269,Computer Science,63
S0269,DBMS,59
S0270,Mathematics,43
S0270,English,71
S0270,Science,46
S0270,Computer Science,59
S0270,DBMS,15
S0271,Mathematics,65
S0271,English,74
S0271,Science,77
S0271,Computer Science,75
S0271,DBMS,93
S0272,Mathematics,38
S0272,English,93
S0272,Science,57
S0272,Computer Science,65
S0272,DBMS,72
S0273,Mathematics,62
S0273,English,78
S0273,Science,83
S0273,Computer Science,81
S0273,DBMS,49
S0274,Mathematics,64
S0274,English,83
S0274,Science,72
S0274,Computer Science,40
S0274,DBMS,45
S0275,Mathematics,37
S0275,English,43
S0275,Science,46
S0275,Computer Science,65
S0275,DBMS,38
S0276,Mathematics,63
S0276,English,83
S0276,Science,92
S0276,Computer Science,93
S0276,DBMS,100
S0277,Mathematics,82
S0277,English,57
S0277,Science,72
S0277,Computer Science,98
S0277,DBMS,56
S0278,Mathematics,87
S0278,English,68
S0278,Science,69
S0278,Computer Science,41
S0278,DBMS,52
S0279,Mathematics,84
S0279,English,47
S0279,Science,16
S0279,Computer Science,76
S0279,DBMS,61
S0280,Mathematics,41
S0280,English,42
S0280,Science,85
S0280,Computer Science,98
S0280,DBMS,66
S0281,Mathematics,93
S0281,English,69
S0281,Science,52
S0281,Computer Science,80
S0281,DBMS,68
S0282,Mathematics,49
S0282,English,99
S0282,Science,37
S0282,Computer Science,89
S0282,DBMS,83
S0283,Mathematics,40
S0283,English,100
S0283,Science,38
S0283,Computer Science,83
S0283,DBMS,74
S0284,Mathematics,41
S0284,English,99
S0284,Science,75
S0284,Computer Science,60
S0284,DBMS,15
S0285,Mathematics,62
S0285,English,60
S0285,Science,56
S0285,Computer Science,94
S0285,DBMS,77
S0286,Mathematics,73
S0286,English,75
S0286,Science,94
S0286,Computer Science,81
S0286,DBMS,90
S0287,Mathematics,96
S0287,English,53
S0287,Science,94
S0287,Computer Science,83
S0287,DBMS,82
S0288,Mathematics,52
S0288,English,62
S0288,Science,75
S0288,Computer Science,67
S0288,DBMS,38
S0289,Mathematics,49
S0289,English,43
S0289,Science,92
S0289,Computer Science,92
S0289,DBMS,37
S0290,Mathematics,61
S0290,English,15
S0290,Science,37
S0290,Computer Science,86
S0290,DBMS,70
S0291,Mathematics,46
S0291,English,91
S0291,Science,44
S0291,Computer Science,49
S0291,DBMS,69
S0292,Mathematics,55
S0292,English,41
S0292,Science,42
S0292,Computer Science,74
S0292,DBMS,81
S0293,Mathematics,42
S0293,English,79
S0293,Science,40
S0293,Computer Science,73
S0293,DBMS,90
S0294,Mathematics,55
S0294,English,93
S0294,Science,100
S0294,Computer Science,97
S0294,DBMS,61
S0295,Mathematics,87
S0295,English,53
S0295,Science,99
S0295,Computer Science,88
S0295,DBMS,100
S0296,Mathematics,94
S0296,English,41
S0296,Science,89
S0296,Computer Science,100
S0296,DBMS,78
S0297,Mathematics,64
S0297,English,70
S0297,Science,75
S0297,Computer Science,67
S0297,DBMS,70
S0298,Mathematics,67
S0298,English,82
S0298,Science,98
S0298,Computer Science,55
S0298,DBMS,48
S0299,Mathematics,74
S0299,English,58
S0299,Science,41
S0299,Computer Science,96
S0299,DBMS,77
S0300,Mathematics,65
S0300,English,84
S0300,Science,90
S0300,Computer Science,94
S0300,DBMS,56
S0301,Mathematics,69
S0301,English,75
S0301,Science,80
S0301,Computer Science,57
S0301,DBMS,76
S0302,Mathematics,87
S0302,English,85
S0302,Science,51
S0302,Computer Science,87
S0302,DBMS,82
S0303,Mathematics,42
S0303,English,16
S0303,Science,39
S0303,Computer Science,41
S0303,DBMS,53
S0304,Mathematics,62
S0304,English,93
S0304,Science,38
S0304,Computer Science,55
S0304,DBMS,49
S0305,Mathematics,50
S0305,English,69
S0305,Science,46
S0305,Computer Science,38
S0305,DBMS,61
S0306,Mathematics,46
S0306,English,67
S0306,Science,38
S0306,Computer Science,71
S0306,DBMS,87
S0307,Mathematics,88
S0307,English,65
S0307,Science,59
S0307,Computer Science,56
S0307,DBMS,60
S0308,Mathematics,79
S0308,English,38
S0308,Science,39
S0308,Computer Science,90
S0308,DBMS,86
S0309,Mathematics,84
S0309,English,84
S0309,Science,41
S0309,Computer Science,43
S0309,DBMS,41
S0310,Mathematics,46
S0310,English,83
S0310,Science,70
S0310,Computer Science,56
S0310,DBMS,47
S0311,Mathematics,69
S0311,English,71
S0311,Science,76
S0311,Computer Science,54
S0311,DBMS,81
S0312,Mathematics,84
S0312,English,51
S0312,Science,64
S0312,Computer Science,66
S0312,DBMS,55
S0313,Mathematics,82
S0313,English,55
S0313,Science,99
S0313,Computer Science,85
S0313,DBMS,42
S0314,Mathematics,48
S0314,English,85
S0314,Science,41
S0314,Computer Science,37
S0314,DBMS,15
S0315,Mathematics,49
S0315,English,53
S0315,Science,84
S0315,Computer Science,83
S0315,DBMS,69
S0316,Mathematics,89
S0316,English,69
S0316,Science,42
S0316,Computer Science,73
S0316,DBMS,38
S0317,Mathematics,64
S0317,English,42
S0317,Science,42
S0317,Computer Science,72
S0317,DBMS,39
S0318,Mathematics,87
S0318,English,96
S0318,Science,74
S0318,Computer Science,49
S0318,DBMS,84
S0319,Mathematics,58
S0319,English,83
S0319,Science,69
S0319,Computer Science,83
S0319,DBMS,80
S0320,Mathematics,60
S0320,English,98
S0320,Science,93
S0320,Computer Science,51
S0320,DBMS,40
S0321,Mathematics,81
S0321,English,98
S0321,Science,76
S0321,Computer Science,43
S0321,DBMS,72
S0322,Mathematics,93
S0322,English,98
S0322,Science,43
S0322,Computer Science,93
S0322,DBMS,70
S0323,Mathematics,68
S0323,English,42
S0323,Science,63
S0323,Computer Science,70
S0323,DBMS,92
S0324,Mathematics,78
S0324,English,80
S0324,Science,77
S0324,Computer Science,63
S0324,DBMS,70
S0325,Mathematics,46
S0325,English,95
S0325,Science,71
S0325,Computer Science,97
S0325,DBMS,63
S0326,Mathematics,39
S0326,English,39
S0326,Science,64
S0326,Computer Science,39
S0326,DBMS,52
S0327,Mathematics,43
S0327,English,48
S0327,Science,88
S0327,Computer Science,95
S0327,DBMS,53
S0328,Mathematics,78
S0328,English,90
S0328,Science,42
S0328,Computer Science,61
S0328,DBMS,71
S0329,Mathematics,76
S0329,English,38
S0329,Science,70
S0329,Computer Science,70
S0329,DBMS,45
S0330,Mathematics,96
S0330,English,43
S0330,Science,37
S0330,Computer Science,83
S0330,DBMS,63
S0331,Mathematics,93
S0331,English,100
S0331,Science,41
S0331,Computer Science,44
S0331,DBMS,74
S0332,Mathematics,86
S0332,English,63
S0332,Science,87
S0332,Computer Science,67
S0332,DBMS,70
S0333,Mathematics,99
S0333,English,81
S0333,Science,64
S0333,Computer Science,79
S0333,DBMS,72
S0334,Mathematics,51
S0334,English,99
S0334,Science,73
S0334,Computer Science,85
S0334,DBMS,84
S0315,Mathematics,52
S0315,English,83
S0315,Science,83
S0315,Computer Science,38
S0315,DBMS,83
S0316,Mathematics,52
S0316,English,94
S0316,Science,96
S0316,Computer Science,55
S0316,DBMS,46
S0337,Mathematics,86
S0337,English,16
S0337,Science,69
S0337,Computer Science,54
S0337,DBMS,38
S0338,Mathematics,100
S0338,English,15
S0338,Science,94
S0338,Computer Science,72
S0338,DBMS,42
S0339,Mathematics,88
S0339,English,67
S0339,Science,59
S0339,Computer Science,50
S0339,DBMS,51
S0340,Mathematics,66
S0340,English,65
S0340,Science,75
S0340,Computer Science,96
S0340,DBMS,52
S0341,Mathematics,93
S0341,English,47
S0341,Science,79
S0341,Computer Science,94
S0341,DBMS,78
S0342,Mathematics,79
S0342,English,96
S0342,Science,54
S0342,Computer Science,54
S0342,DBMS,15
S0343,Mathematics,97
S0343,English,67
S0343,Science,57
S0343,Computer Science,94
S0343,DBMS,64
S0344,Mathematics,84
S0344,English,65
S0344,Science,91
S0344,Computer Science,59
S0344,DBMS,70
S0345,Mathematics,65
S0345,English,99
S0345,Science,67
S0345,Computer Science,56
S0345,DBMS,39
S0346,Mathematics,71
S0346,English,92
S0346,Science,92
S0346,Computer Science,78
S0346,DBMS,66
S0347,Mathematics,48
S0347,English,59
S0347,Science,55
S0347,Computer Science,50
S0347,DBMS,85
S0348,Mathematics,91
S0348,English,90
S0348,Science,61
S0348,Computer Science,95
S0348,DBMS,49
S0349,Mathematics,40
S0349,English,46
S0349,Science,75
S0349,Computer Science,75
S0349,DBMS,59
S0150,Mathematics,88
S0150,English,74
S0150,Science,39
S0150,Computer Science,78
S0150,DBMS,71
S0151,Mathematics,67
S0151,English,44
S0151,Science,93
S0151,Computer Science,90
S0151,DBMS,83
S0152,Mathematics,86
S0152,English,69
S0152,Science,86
S0152,Computer Science,91
S0152,DBMS,42
S0153,Mathematics,70
S0153,English,94
S0153,Science,66
S0153,Computer Science,41
S0153,DBMS,84
S0154,Mathematics,48
S0154,English,38
S0154,Science,48
S0154,Computer Science,58
S0154,DBMS,55
S0155,Mathematics,55
S0155,English,91
S0155,Science,99
S0155,Computer Science,44
S0155,DBMS,79
S0156,Mathematics,93
S0156,English,57
S0156,Science,60
S0156,Computer Science,92
S0156,DBMS,93
S0157,Mathematics,95
S0157,English,71
S0157,Science,44
S0157,Computer Science,92
S0157,DBMS,89
S0158,Mathematics,57
S0158,English,62
S0158,Science,82
S0158,Computer Science,42
S0158,DBMS,42
S0159,Mathematics,57
S0159,English,100
S0159,Science,16
S0159,Computer Science,74
S0159,DBMS,42
S0160,Mathematics,39
S0160,English,39
S0160,Science,63
S0160,Computer Science,69
S0160,DBMS,83
S0161,Mathematics,81
S0161,English,45
S0161,Science,91
S0161,Computer Science,58
S0161,DBMS,87
S0162,Mathematics,65
S0162,English,37
S0162,Science,39
S0162,Computer Science,57
S0162,DBMS,78
S0163,Mathematics,51
S0163,English,49
S0163,Science,39
S0163,Computer Science,48
S0163,DBMS,90
S0164,Mathematics,51
S0164,English,63
S0164,Science,43
S0164,Computer Science,15
S0164,DBMS,74
S0165,Mathematics,43
S0165,English,45
S0165,Science,76
S0165,Computer Science,98
S0165,DBMS,54
S0166,Mathematics,82
S0166,English,81
S0166,Science,68
S0166,Computer Science,75
S0166,DBMS,53
S0167,Mathematics,66
S0167,English,50
S0167,Science,15
S0167,Computer Science,85
S0167,DBMS,99
S0168,Mathematics,40
S0168,English,77
S0168,Science,53
S0168,Computer Science,60
S0168,DBMS,91
S0169,Mathematics,49
S0169,English,98
S0169,Science,81
S0169,Computer Science,79
S0169,DBMS,68
S0370,Mathematics,75
S0370,English,74
S0370,Science,94
S0370,Computer Science,79
S0370,DBMS,64
S0371,Mathematics,73
S0371,English,50
S0371,Science,82
S0371,Computer Science,69
S0371,DBMS,75
S0372,Mathematics,71
S0372,English,49
S0372,Science,41
S0372,Computer Science,60
S0372,DBMS,75
S0373,Mathematics,100
S0373,English,47
S0373,Science,59
S0373,Computer Science,76
S0373,DBMS,70
S0374,Mathematics,47
S0374,English,85
S0374,Science,93
S0374,Computer Science,42
S0374,DBMS,50
S0375,Mathematics,43
S0375,English,49
S0375,Science,87
S0375,Computer Science,98
S0375,DBMS,83
S0376,Mathematics,85
S0376,English,60
S0376,Science,55
S0376,Computer Science,92
S0376,DBMS,94
S0377,Mathematics,87
S0377,English,49
S0377,Science,74
S0377,Computer Science,86
S0377,DBMS,51
S0378,Mathematics,62
S0378,English,54
S0378,Science,62
S0378,Computer Science,39
S0378,DBMS,58
S0379,Mathematics,93
S0379,English,41
S0379,Science,71
S0379,Computer Science,44
S0379,DBMS,90
S0380,Mathematics,47
S0380,English,43
S0380,Science,55
S0380,Computer Science,84
S0380,DBMS,75
S0381,Mathematics,86
S0381,English,72
S0381,Science,75
S0381,Computer Science,40
S0381,DBMS,82
S0382,Mathematics,74
S0382,English,45
S0382,Science,59
S0382,Computer Science,53
S0382,DBMS,39
S0383,Mathematics,84
S0383,English,73
S0383,Science,53
S0383,Computer Science,68
S0383,DBMS,15
S0384,Mathematics,41
S0384,English,16
S0384,Science,52
S0384,Computer Science,100
S0384,DBMS,42
S0385,Mathematics,71
S0385,English,98
S0385,Science,96
S0385,Computer Science,55
S0385,DBMS,86
S0386,Mathematics,81
S0386,English,64
S0386,Science,68
S0386,Computer Science,47
S0386,DBMS,15
S0387,Mathematics,16
S0387,English,49
S0387,Science,50
S0387,Computer Science,55
S0387,DBMS,85
S0388,Mathematics,91
S0388,English,99
S0388,Science,95
S0388,Computer Science,43
S0388,DBMS,38
S0389,Mathematics,50
S0389,English,88
S0389,Science,90
S0389,Computer Science,100
S0389,DBMS,93
S0390,Mathematics,39
S0390,English,96
S0390,Science,81
S0390,Computer Science,81
S0390,DBMS,57
S0391,Mathematics,58
S0391,English,91
S0391,Science,74
S0391,Computer Science,77
S0391,DBMS,70
S0392,Mathematics,59
S0392,English,67
S0392,Science,15
S0392,Computer Science,62
S0392,DBMS,81
S0393,Mathematics,99
S0393,English,15
S0393,Science,16
S0393,Computer Science,61
S0393,DBMS,53
S0394,Mathematics,58
S0394,English,42
S0394,Science,87
S0394,Computer Science,37
S0394,DBMS,39
S0395,Mathematics,82
S0395,English,91
S0395,Science,72
S0395,Computer Science,65
S0395,DBMS,72
S0396,Mathematics,94
S0396,English,85
S0396,Science,37
S0396,Computer Science,72
S0396,DBMS,51
S0397,Mathematics,87
S0397,English,63
S0397,Science,83
S0397,Computer Science,16
S0397,DBMS,80
S0398,Mathematics,99
S0398,English,95
S0398,Science,93
S0398,Computer Science,53
S0398,DBMS,85
S0399,Mathematics,56
S0399,English,52
S0399,Science,88
S0399,Computer Science,52
S0399,DBMS,16
S0400,Mathematics,15
S0400,English,57
S0400,Science,62
S0400,Computer Science,41
S0400,DBMS,59
S0401,Mathematics,80
S0401,English,66
S0401,Science,15
S0401,Computer Science,90
S0401,DBMS,61
S0402,Mathematics,62
S0402,English,64
S0402,Science,89
S0402,Computer Science,61
S0402,DBMS,41
S0403,Mathematics,77
S0403,English,92
S0403,Science,49
S0403,Computer Science,59
S0403,DBMS,43
S0404,Mathematics,52
S0404,English,71
S0404,Science,57
S0404,Computer Science,38
S0404,DBMS,62
S0405,Mathematics,49
S0405,English,66
S0405,Science,69
S0405,Computer Science,65
S0405,DBMS,44
S0406,Mathematics,52
S0406,English,97
S0406,Science,88
S0406,Computer Science,96
S0406,DBMS,92
S0407,Mathematics,52
S0407,English,46
S0407,Science,94
S0407,Computer Science,98
S0407,DBMS,42
S0408,Mathematics,87
S0408,English,70
S0408,Science,79
S0408,Computer Science,46
S0408,DBMS,76
S0409,Mathematics,38
S0409,English,77
S0409,Science,46
S0409,Computer Science,77
S0409,DBMS,52
S0410,Mathematics,41
S0410,English,43
S0410,Science,58
S0410,Computer Science,69
S0410,DBMS,45
S0411,Mathematics,44
S0411,English,63
S0411,Science,62
S0411,Computer Science,44
S0411,DBMS,67
S0412,Mathematics,79
S0412,English,16
S0412,Science,61
S0412,Computer Science,42
S0412,DBMS,78
S0413,Mathematics,74
S0413,English,65
S0413,Science,90
S0413,Computer Science,96
S0413,DBMS,16
S0414,Mathematics,97
S0414,English,58
S0414,Science,92
S0414,Computer Science,85
S0414,DBMS,83
S0415,Mathematics,61
S0415,English,86
S0415,Science,66
S0415,Computer Science,67
S0415,DBMS,45
S0416,Mathematics,83
S0416,English,48
S0416,Science,96
S0416,Computer Science,42
S0416,DBMS,64
S0417,Mathematics,81
S0417,English,89
S0417,Science,76
S0417,Computer Science,100
S0417,DBMS,38
S0418,Mathematics,64
S0418,English,73
S0418,Science,92
S0418,Computer Science,55
S0418,DBMS,95
S0419,Mathematics,82
S0419,English,49
S0419,Science,72
S0419,Computer Science,37
S0419,DBMS,42
S0420,Mathematics,95
S0420,English,50
S0420,Science,85
S0420,Computer Science,75
S0420,DBMS,39
S0421,Mathematics,16
S0421,English,69
S0421,Science,76
S0421,Computer Science,77
S0421,DBMS,91
S0422,Mathematics,51
S0422,English,71
S0422,Science,100
S0422,Computer Science,16
S0422,DBMS,63
S0423,Mathematics,87
S0423,English,90
S0423,Science,83
S0423,Computer Science,47
S0423,DBMS,78
S0424,Mathematics,63
S0424,English,54
S0424,Science,69
S0424,Computer Science,37
S0424,DBMS,75
S0425,Mathematics,72
S0425,English,92
S0425,Science,85
S0425,Computer Science,38
S0425,DBMS,69
S0426,Mathematics,73
S0426,English,95
S0426,Science,55
S0426,Computer Science,73
S0426,DBMS,64
S0427,Mathematics,89
S0427,English,73
S0427,Science,60
S0427,Computer Science,63
S0427,DBMS,80
S0428,Mathematics,44
S0428,English,54
S0428,Science,66
S0428,Computer Science,40
S0428,DBMS,64
S0429,Mathematics,84
S0429,English,67
S0429,Science,70
S0429,Computer Science,75
S0429,DBMS,92
S0430,Mathematics,63
S0430,English,37
S0430,Science,84
S0430,Computer Science,89
S0430,DBMS,100
S0431,Mathematics,66
S0431,English,37
S0431,Science,98
S0431,Computer Science,79
S0431,DBMS,82
S0432,Mathematics,85
S0432,English,42
S0432,Science,55
S0432,Computer Science,60
S0432,DBMS,51
S0433,Mathematics,95
S0433,English,60
S0433,Science,43
S0433,Computer Science,54
S0433,DBMS,85
S0434,Mathematics,78
S0434,English,15
S0434,Science,87
S0434,Computer Science,60
S0434,DBMS,48
S0415,Mathematics,65
S0415,English,94
S0415,Science,50
S0415,Computer Science,94
S0415,DBMS,74
S0416,Mathematics,15
S0416,English,82
S0416,Science,95
S0416,Computer Science,53
S0416,DBMS,88
S0437,Mathematics,55
S0437,English,49
S0437,Science,55
S0437,Computer Science,50
S0437,DBMS,38
S0438,Mathematics,66
S0438,English,71
S0438,Science,69
S0438,Computer Science,63
S0438,DBMS,60
S0439,Mathematics,41
S0439,English,38
S0439,Science,89
S0439,Computer Science,51
S0439,DBMS,69
S0440,Mathematics,89
S0440,English,81
S0440,Science,61
S0440,Computer Science,52
S0440,DBMS,70
S0441,Mathematics,58
S0441,English,58
S0441,Science,73
S0441,Computer Science,92
S0441,DBMS,50
S0442,Mathematics,61
S0442,English,79
S0442,Science,52
S0442,Computer Science,77
S0442,DBMS,78
S0443,Mathematics,79
S0443,English,59
S0443,Science,73
S0443,Computer Science,71
S0443,DBMS,97
S0444,Mathematics,64
S0444,English,96
S0444,Science,91
S0444,Computer Science,46
S0444,DBMS,94
S0445,Mathematics,46
S0445,English,63
S0445,Science,41
S0445,Computer Science,53
S0445,DBMS,65
S0446,Mathematics,52
S0446,English,80
S0446,Science,41
S0446,Computer Science,85
S0446,DBMS,92
S0447,Mathematics,91
S0447,English,39
S0447,Science,93
S0447,Computer Science,58
S0447,DBMS,95
S0448,Mathematics,42
S0448,English,40
S0448,Science,72
S0448,Computer Science,74
S0448,DBMS,53
S0449,Mathematics,90
S0449,English,56
S0449,Science,15
S0449,Computer Science,56
S0449,DBMS,15
S0450,Mathematics,100
S0450,English,53
S0450,Science,79
S0450,Computer Science,76
S0450,DBMS,99
S0451,Mathematics,74
S0451,English,86
S0451,Science,88
S0451,Computer Science,57
S0451,DBMS,81
S0452,Mathematics,60
S0452,English,48
S0452,Science,71
S0452,Computer Science,49
S0452,DBMS,84
S0453,Mathematics,70
S0453,English,59
S0453,Science,51
S0453,Computer Science,95
S0453,DBMS,95
S0454,Mathematics,41
S0454,English,96
S0454,Science,48
S0454,Computer Science,15
S0454,DBMS,44
S0455,Mathematics,40
S0455,English,16
S0455,Science,54
S0455,Computer Science,63
S0455,DBMS,39
S0456,Mathematics,83
S0456,English,52
S0456,Science,70
S0456,Computer Science,54
S0456,DBMS,47
S0457,Mathematics,46
S0457,English,77
S0457,Science,59
S0457,Computer Science,64
S0457,DBMS,37
S0458,Mathematics,99
S0458,English,58
S0458,Science,53
S0458,Computer Science,51
S0458,DBMS,92
S0459,Mathematics,82
S0459,English,88
S0459,Science,63
S0459,Computer Science,37
S0459,DBMS,62
S0460,Mathematics,62
S0460,English,90
S0460,Science,95
S0460,Computer Science,77
S0460,DBMS,97
S0461,Mathematics,43
S0461,English,56
S0461,Science,68
S0461,Computer Science,96
S0461,DBMS,65
S0462,Mathematics,49
S0462,English,100
S0462,Science,95
S0462,Computer Science,66
S0462,DBMS,81
S0463,Mathematics,69
S0463,English,68
S0463,Science,92
S0463,Computer Science,85
S0463,DBMS,59
S0464,Mathematics,40
S0464,English,39
S0464,Science,48
S0464,Computer Science,92
S0464,DBMS,39
S0465,Mathematics,75
S0465,English,74
S0465,Science,77
S0465,Computer Science,68
S0465,DBMS,85
S0466,Mathematics,43
S0466,English,53
S0466,Science,37
S0466,Computer Science,43
S0466,DBMS,64
S0467,Mathematics,16
S0467,English,78
S0467,Science,69
S0467,Computer Science,39
S0467,DBMS,91
S0468,Mathematics,79
S0468,English,53
S0468,Science,37
S0468,Computer Science,80
S0468,DBMS,89
S0469,Mathematics,98
S0469,English,88
S0469,Science,80
S0469,Computer Science,58
S0469,DBMS,43
S0470,Mathematics,54
S0470,English,15
S0470,Science,75
S0470,Computer Science,78
S0470,DBMS,88
S0471,Mathematics,86
S0471,English,88
S0471,Science,65
S0471,Computer Science,79
S0471,DBMS,92
S0472,Mathematics,48
S0472,English,45
S0472,Science,74
S0472,Computer Science,97
S0472,DBMS,44
S0473,Mathematics,98
S0473,English,55
S0473,Science,86
S0473,Computer Science,43
S0473,DBMS,63
S0474,Mathematics,49
S0474,English,45
S0474,Science,40
S0474,Computer Science,46
S0474,DBMS,40
S0475,Mathematics,60
S0475,English,59
S0475,Science,57
S0475,Computer Science,75
S0475,DBMS,73
S0476,Mathematics,85
S0476,English,41
S0476,Science,41
S0476,Computer Science,97
S0476,DBMS,66
S0477,Mathematics,96
S0477,English,55
S0477,Science,71
S0477,Computer Science,76
S0477,DBMS,71
S0478,Mathematics,54
S0478,English,55
S0478,Science,80
S0478,Computer Science,52
S0478,DBMS,78
S0479,Mathematics,96
S0479,English,43
S0479,Science,38
S0479,Computer Science,76
S0479,DBMS,40
S0480,Mathematics,53
S0480,English,69
S0480,Science,80
S0480,Computer Science,52
S0480,DBMS,86
S0481,Mathematics,97
S0481,English,75
S0481,Science,80
S0481,Computer Science,59
S0481,DBMS,89
S0482,Mathematics,83
S0482,English,95
S0482,Science,99
S0482,Computer Science,71
S0482,DBMS,94
S0483,Mathematics,53
S0483,English,40
S0483,Science,96
S0483,Computer Science,82
S0483,DBMS,96
S0484,Mathematics,66
S0484,English,64
S0484,Science,85
S0484,Computer Science,94
S0484,DBMS,77
S0485,Mathematics,37
S0485,English,99
S0485,Science,88
S0485,Computer Science,64
S0485,DBMS,96
S0486,Mathematics,80
S0486,English,62
S0486,Science,85
S0486,Computer Science,68
S0486,DBMS,56
S0487,Mathematics,43
S0487,English,70
S0487,Science,40
S0487,Computer Science,55
S0487,DBMS,85
S0488,Mathematics,82
S0488,English,41
S0488,Science,72
S0488,Computer Science,70
S0488,DBMS,63
S0489,Mathematics,100
S0489,English,85
S0489,Science,43
S0489,Computer Science,39
S0489,DBMS,69
S0490,Mathematics,66
S0490,English,57
S0490,Science,40
S0490,Computer Science,59
S0490,DBMS,86
S0491,Mathematics,62
S0491,English,70
S0491,Science,48
S0491,Computer Science,75
S0491,DBMS,85
S0492,Mathematics,69
S0492,English,40
S0492,Science,65
S0492,Computer Science,73
S0492,DBMS,16
S0493,Mathematics,15
S0493,English,53
S0493,Science,98
S0493,Computer Science,87
S0493,DBMS,83
S0494,Mathematics,48
S0494,English,50
S0494,Science,83
S0494,Computer Science,46
S0494,DBMS,40
S0495,Mathematics,80
S0495,English,76
S0495,Science,61
S0495,Computer Science,64
S0495,DBMS,82
S0496,Mathematics,70
S0496,English,80
S0496,Science,86
S0496,Computer Science,69
S0496,DBMS,56
S0497,Mathematics,63
S0497,English,59
S0497,Science,86
S0497,Computer Science,44
S0497,DBMS,81
S0498,Mathematics,65
S0498,English,63
S0498,Science,80
S0498,Computer Science,38
S0498,DBMS,90
S0499,Mathematics,90
S0499,English,72
S0499,Science,37
S0499,Computer Science,45
S0499,DBMS,99
S0500,Mathematics,70
S0500,English,63
S0500,Science,70
S0500,Computer Science,50
S0500,DBMS,81
S0501,Mathematics,75
S0501,English,66
S0501,Science,43
S0501,Computer Science,65
S0501,DBMS,64
S0502,Mathematics,56
S0502,English,71
S0502,Science,92
S0502,Computer Science,62
S0502,DBMS,55
S0503,Mathematics,71
S0503,English,47
S0503,Science,51
S0503,Computer Science,76
S0503,DBMS,89
S0504,Mathematics,52
S0504,English,92
S0504,Science,88
S0504,Computer Science,56
S0504,DBMS,49
S0505,Mathematics,67
S0505,English,77
S0505,Science,44
S0505,Computer Science,42
S0505,DBMS,49
S0506,Mathematics,64
S0506,English,51
S0506,Science,66
S0506,Computer Science,46
S0506,DBMS,70
S0507,Mathematics,77
S0507,English,52
S0507,Science,76
S0507,Computer Science,88
S0507,DBMS,65
S0508,Mathematics,85
S0508,English,39
S0508,Science,63
S0508,Computer Science,37
S0508,DBMS,80
S0509,Mathematics,63
S0509,English,75
S0509,Science,94
S0509,Computer Science,42
S0509,DBMS,87
S0510,Mathematics,41
S0510,English,38
S0510,Science,52
S0510,Computer Science,64
S0510,DBMS,47
S0511,Mathematics,89
S0511,English,44
S0511,Science,89
S0511,Computer Science,67
S0511,DBMS,75
S0512,Mathematics,15
S0512,English,99
S0512,Science,96
S0512,Computer Science,99
S0512,DBMS,92
S0513,Mathematics,73
S0513,English,54
S0513,Science,78
S0513,Computer Science,65
S0513,DBMS,74
S0514,Mathematics,99
S0514,English,97
S0514,Science,47
S0514,Computer Science,41
S0514,DBMS,50
S0515,Mathematics,69
S0515,English,43
S0515,Science,96
S0515,Computer Science,81
S0515,DBMS,46
S0516,Mathematics,43
S0516,English,67
S0516,Science,64
S0516,Computer Science,76
S0516,DBMS,86
S0517,Mathematics,63
S0517,English,98
S0517,Science,57
S0517,Computer Science,76
S0517,DBMS,55
S0518,Mathematics,96
S0518,English,66
S0518,Science,37
S0518,Computer Science,45
S0518,DBMS,39
S0519,Mathematics,52
S0519,English,44
S0519,Science,71
S0519,Computer Science,76
S0519,DBMS,83
S0520,Mathematics,89
S0520,English,69
S0520,Science,91
S0520,Computer Science,96
S0520,DBMS,63
S0521,Mathematics,60
S0521,English,66
S0521,Science,69
S0521,Computer Science,72
S0521,DBMS,41
S0522,Mathematics,66
S0522,English,69
S0522,Science,68
S0522,Computer Science,49
S0522,DBMS,50
S0523,Mathematics,98
S0523,English,100
S0523,Science,79
S0523,Computer Science,96
S0523,DBMS,42
S0524,Mathematics,97
S0524,English,40
S0524,Science,87
S0524,Computer Science,85
S0524,DBMS,43
S0525,Mathematics,40
S0525,English,64
S0525,Science,64
S0525,Computer Science,47
S0525,DBMS,85
S0526,Mathematics,84
S0526,English,88
S0526,Science,44
S0526,Computer Science,76
S0526,DBMS,96
S0527,Mathematics,50
S0527,English,78
S0527,Science,84
S0527,Computer Science,69
S0527,DBMS,16
S0528,Mathematics,39
S0528,English,43
S0528,Science,87
S0528,Computer Science,66
S0528,DBMS,82
S0529,Mathematics,49
S0529,English,71
S0529,Science,98
S0529,Computer Science,61
S0529,DBMS,16
S0530,Mathematics,53
S0530,English,70
S0530,Science,65
S0530,Computer Science,68
S0530,DBMS,47
S0531,Mathematics,94
S0531,English,84
S0531,Science,82
S0531,Computer Science,68
S0531,DBMS,79
S0532,Mathematics,77
S0532,English,53
S0532,Science,82
S0532,Computer Science,96
S0532,DBMS,65
S0533,Mathematics,100
S0533,English,39
S0533,Science,15
S0533,Computer Science,43
S0533,DBMS,51
S0534,Mathematics,99
S0534,English,72
S0534,Science,38
S0534,Computer Science,69
S0534,DBMS,71
S0515,Mathematics,68
S0515,English,79
S0515,Science,76
S0515,Computer Science,43
S0515,DBMS,76
S0516,Mathematics,82
S0516,English,50
S0516,Science,52
S0516,Computer Science,45
S0516,DBMS,78
S0537,Mathematics,60
S0537,English,44
S0537,Science,54
S0537,Computer Science,55
S0537,DBMS,61
S0538,Mathematics,48
S0538,English,78
S0538,Science,50
S0538,Computer Science,54
S0538,DBMS,42
S0539,Mathematics,48
S0539,English,79
S0539,Science,16
S0539,Computer Science,80
S0539,DBMS,46
S0540,Mathematics,96
S0540,English,65
S0540,Science,74
S0540,Computer Science,69
S0540,DBMS,80
S0541,Mathematics,55
S0541,English,96
S0541,Science,46
S0541,Computer Science,99
S0541,DBMS,85
S0542,Mathematics,15
S0542,English,52
S0542,Science,67
S0542,Computer Science,45
S0542,DBMS,53
S0543,Mathematics,94
S0543,English,95
S0543,Science,94
S0543,Computer Science,95
S0543,DBMS,80
S0544,Mathematics,16
S0544,English,40
S0544,Science,60
S0544,Computer Science,67
S0544,DBMS,93
S0545,Mathematics,43
S0545,English,44
S0545,Science,46
S0545,Computer Science,47
S0545,DBMS,40
S0546,Mathematics,60
S0546,English,42
S0546,Science,95
S0546,Computer Science,77
S0546,DBMS,85
S0547,Mathematics,98
S0547,English,59
S0547,Science,83
S0547,Computer Science,40
S0547,DBMS,37
S0548,Mathematics,54
S0548,English,55
S0548,Science,82
S0548,Computer Science,80
S0548,DBMS,81
S0549,Mathematics,85
S0549,English,51
S0549,Science,69
S0549,Computer Science,42
S0549,DBMS,65
S0550,Mathematics,56
S0550,English,64
S0550,Science,43
S0550,Computer Science,61
S0550,DBMS,75
S0551,Mathematics,95
S0551,English,99
S0551,Science,15
S0551,Computer Science,83
S0551,DBMS,69
S0552,Mathematics,97
S0552,English,95
S0552,Science,66
S0552,Computer Science,39
S0552,DBMS,75
S0553,Mathematics,75
S0553,English,66
S0553,Science,53
S0553,Computer Science,73
S0553,DBMS,44
S0554,Mathematics,92
S0554,English,93
S0554,Science,53
S0554,Computer Science,75
S0554,DBMS,89
S0555,Mathematics,88
S0555,English,53
S0555,Science,95
S0555,Computer Science,52
S0555,DBMS,64
S0556,Mathematics,55
S0556,English,45
S0556,Science,42
S0556,Computer Science,85
S0556,DBMS,85
S0557,Mathematics,89
S0557,English,49
S0557,Science,73
S0557,Computer Science,45
S0557,DBMS,80
S0558,Mathematics,78
S0558,English,73
S0558,Science,99
S0558,Computer Science,74
S0558,DBMS,67
S0559,Mathematics,15
S0559,English,47
S0559,Science,69
S0559,Computer Science,37
S0559,DBMS,63
S0560,Mathematics,87
S0560,English,40
S0560,Science,90
S0560,Computer Science,83
S0560,DBMS,47
S0561,Mathematics,64
S0561,English,65
S0561,Science,89
S0561,Computer Science,41
S0561,DBMS,63
S0562,Mathematics,87
S0562,English,67
S0562,Science,99
S0562,Computer Science,49
S0562,DBMS,51
S0563,Mathematics,16
S0563,English,77
S0563,Science,53
S0563,Computer Science,51
S0563,DBMS,57
S0564,Mathematics,40
S0564,English,90
S0564,Science,48
S0564,Computer Science,91
S0564,DBMS,85
S0565,Mathematics,54
S0565,English,100
S0565,Science,43
S0565,Computer Science,39
S0565,DBMS,67
S0566,Mathematics,99
S0566,English,60
S0566,Science,93
S0566,Computer Science,52
S0566,DBMS,68
S0567,Mathematics,90
S0567,English,67
S0567,Science,37
S0567,Computer Science,57
S0567,DBMS,77
S0568,Mathematics,81
S0568,English,82
S0568,Science,49
S0568,Computer Science,98
S0568,DBMS,86
S0569,Mathematics,87
S0569,English,89
S0569,Science,40
S0569,Computer Science,64
S0569,DBMS,90
S0570,Mathematics,41
S0570,English,61
S0570,Science,68
S0570,Computer Science,69
S0570,DBMS,59
S0571,Mathematics,99
S0571,English,67
S0571,Science,95
S0571,Computer Science,65
S0571,DBMS,52
S0572,Mathematics,86
S0572,English,40
S0572,Science,54
S0572,Computer Science,60
S0572,DBMS,81
S0573,Mathematics,94
S0573,English,42
S0573,Science,38
S0573,Computer Science,15
S0573,DBMS,67
S0574,Mathematics,94
S0574,English,66
S0574,Science,47
S0574,Computer Science,39
S0574,DBMS,92
S0575,Mathematics,70
S0575,English,47
S0575,Science,42
S0575,Computer Science,41
S0575,DBMS,48
S0576,Mathematics,56
S0576,English,70
S0576,Science,84
S0576,Computer Science,51
S0576,DBMS,16
S0577,Mathematics,15
S0577,English,79
S0577,Science,93
S0577,Computer Science,56
S0577,DBMS,56
S0578,Mathematics,94
S0578,English,61
S0578,Science,59
S0578,Computer Science,64
S0578,DBMS,49
S0579,Mathematics,57
S0579,English,73
S0579,Science,49
S0579,Computer Science,57
S0579,DBMS,67
S0580,Mathematics,16
S0580,English,58
S0580,Science,70
S0580,Computer Science,87
S0580,DBMS,74
S0581,Mathematics,84
S0581,English,92
S0581,Science,80
S0581,Computer Science,86
S0581,DBMS,99
S0582,Mathematics,16
S0582,English,16
S0582,Science,44
S0582,Computer Science,81
S0582,DBMS,67
S0583,Mathematics,66
S0583,English,47
S0583,Science,66
S0583,Computer Science,15
S0583,DBMS,90
S0584,Mathematics,51
S0584,English,94
S0584,Science,15
S0584,Computer Science,82
S0584,DBMS,70
S0585,Mathematics,74
S0585,English,43
S0585,Science,80
S0585,Computer Science,91
S0585,DBMS,85
S0586,Mathematics,66
S0586,English,91
S0586,Science,55
S0586,Computer Science,79
S0586,DBMS,65
S0587,Mathematics,86
S0587,English,51
S0587,Science,79
S0587,Computer Science,94
S0587,DBMS,79
S0588,Mathematics,61
S0588,English,89
S0588,Science,77
S0588,Computer Science,43
S0588,DBMS,92
S0589,Mathematics,69
S0589,English,68
S0589,Science,16
S0589,Computer Science,81
S0589,DBMS,78
S0590,Mathematics,46
S0590,English,46
S0590,Science,40
S0590,Computer Science,89
S0590,DBMS,44
S0591,Mathematics,75
S0591,English,87
S0591,Science,49
S0591,Computer Science,97
S0591,DBMS,45
S0592,Mathematics,60
S0592,English,81
S0592,Science,75
S0592,Computer Science,72
S0592,DBMS,61
S0593,Mathematics,98
S0593,English,64
S0593,Science,96
S0593,Computer Science,43
S0593,DBMS,96
S0594,Mathematics,89
S0594,English,41
S0594,Science,89
S0594,Computer Science,70
S0594,DBMS,49
S0595,Mathematics,41
S0595,English,46
S0595,Science,43
S0595,Computer Science,70
S0595,DBMS,96
S0596,Mathematics,91
S0596,English,91
S0596,Science,57
S0596,Computer Science,16
S0596,DBMS,38
S0597,Mathematics,86
S0597,English,38
S0597,Science,51
S0597,Computer Science,70
S0597,DBMS,50
S0598,Mathematics,53
S0598,English,76
S0598,Science,79
S0598,Computer Science,44
S0598,DBMS,92
S0599,Mathematics,66
S0599,English,78
S0599,Science,76
S0599,Computer Science,37
S0599,DBMS,46
S0600,Mathematics,90
S0600,English,66
S0600,Science,87
S0600,Computer Science,100
S0600,DBMS,16
S0601,Mathematics,76
S0601,English,48
S0601,Science,91
S0601,Computer Science,66
S0601,DBMS,61
S0602,Mathematics,100
S0602,English,86
S0602,Science,80
S0602,Computer Science,59
S0602,DBMS,38
S0603,Mathematics,66
S0603,English,84
S0603,Science,89
S0603,Computer Science,82
S0603,DBMS,76
S0604,Mathematics,68
S0604,English,59
S0604,Science,53
S0604,Computer Science,82
S0604,DBMS,44
S0605,Mathematics,64
S0605,English,92
S0605,Science,92
S0605,Computer Science,66
S0605,DBMS,71
S0606,Mathematics,42
S0606,English,77
S0606,Science,78
S0606,Computer Science,78
S0606,DBMS,85
S0607,Mathematics,15
S0607,English,49
S0607,Science,65
S0607,Computer Science,99
S0607,DBMS,44
S0608,Mathematics,95
S0608,English,62
S0608,Science,81
S0608,Computer Science,42
S0608,DBMS,79
S0609,Mathematics,54
S0609,English,54
S0609,Science,69
S0609,Computer Science,43
S0609,DBMS,66
S0610,Mathematics,70
S0610,English,93
S0610,Science,40
S0610,Computer Science,59
S0610,DBMS,41
S0611,Mathematics,75
S0611,English,74
S0611,Science,99
S0611,Computer Science,87
S0611,DBMS,49
S0612,Mathematics,43
S0612,English,60
S0612,Science,87
S0612,Computer Science,87
S0612,DBMS,94
S0613,Mathematics,92
S0613,English,60
S0613,Science,48
S0613,Computer Science,46
S0613,DBMS,48
S0614,Mathematics,42
S0614,English,86
S0614,Science,64
S0614,Computer Science,87
S0614,DBMS,70
S0615,Mathematics,38
S0615,English,49
S0615,Science,67
S0615,Computer Science,78
S0615,DBMS,49
S0616,Mathematics,72
S0616,English,61
S0616,Science,47
S0616,Computer Science,43
S0616,DBMS,68
S0617,Mathematics,43
S0617,English,81
S0617,Science,68
S0617,Computer Science,43
S0617,DBMS,69
S0618,Mathematics,78
S0618,English,49
S0618,Science,64
S0618,Computer Science,38
S0618,DBMS,46
S0619,Mathematics,42
S0619,English,85
S0619,Science,86
S0619,Computer Science,92
S0619,DBMS,98
S0620,Mathematics,81
S0620,English,58
S0620,Science,98
S0620,Computer Science,89
S0620,DBMS,75
S0621,Mathematics,93
S0621,English,82
S0621,Science,65
S0621,Computer Science,89
S0621,DBMS,37
S0622,Mathematics,78
S0622,English,99
S0622,Science,47
S0622,Computer Science,49
S0622,DBMS,40
S0623,Mathematics,57
S0623,English,75
S0623,Science,79
S0623,Computer Science,64
S0623,DBMS,83
S0624,Mathematics,64
S0624,English,60
S0624,Science,94
S0624,Computer Science,61
S0624,DBMS,79
S0625,Mathematics,96
S0625,English,82
S0625,Science,74
S0625,Computer Science,76
S0625,DBMS,55
S0626,Mathematics,43
S0626,English,74
S0626,Science,81
S0626,Computer Science,60
S0626,DBMS,58
S0627,Mathematics,67
S0627,English,66
S0627,Science,89
S0627,Computer Science,96
S0627,DBMS,77
S0628,Mathematics,100
S0628,English,76
S0628,Science,93
S0628,Computer Science,43
S0628,DBMS,84
S0629,Mathematics,65
S0629,English,94
S0629,Science,89
S0629,Computer Science,53
S0629,DBMS,43
S0630,Mathematics,49
S0630,English,92
S0630,Science,58
S0630,Computer Science,85
S0630,DBMS,69
S0631,Mathematics,89
S0631,English,86
S0631,Science,96
S0631,Computer Science,98
S0631,DBMS,91
S0632,Mathematics,41
S0632,English,80
S0632,Science,46
S0632,Computer Science,69
S0632,DBMS,16
S0633,Mathematics,54
S0633,English,80
S0633,Science,75
S0633,Computer Science,44
S0633,DBMS,95
S0634,Mathematics,99
S0634,English,74
S0634,Science,37
S0634,Computer Science,99
S0634,DBMS,49
S0615,Mathematics,40
S0615,English,71
S0615,Science,74
S0615,Computer Science,87
S0615,DBMS,63
S0616,Mathematics,53
S0616,English,82
S0616,Science,97
S0616,Computer Science,37
S0616,DBMS,89
S0637,Mathematics,59
S0637,English,60
S0637,Science,61
S0637,Computer Science,52
S0637,DBMS,80
S0638,Mathematics,91
S0638,English,61
S0638,Science,84
S0638,Computer Science,59
S0638,DBMS,57
S0639,Mathematics,94
S0639,English,66
S0639,Science,52
S0639,Computer Science,51
S0639,DBMS,65
S0640,Mathematics,37
S0640,English,40
S0640,Science,64
S0640,Computer Science,100
S0640,DBMS,43
S0641,Mathematics,50
S0641,English,46
S0641,Science,95
S0641,Computer Science,40
S0641,DBMS,70
S0642,Mathematics,43
S0642,English,61
S0642,Science,39
S0642,Computer Science,78
S0642,DBMS,77
S0643,Mathematics,40
S0643,English,95
S0643,Science,93
S0643,Computer Science,38
S0643,DBMS,38
S0644,Mathematics,63
S0644,English,95
S0644,Science,38
S0644,Computer Science,95
S0644,DBMS,64
S0645,Mathematics,44
S0645,English,69
S0645,Science,43
S0645,Computer Science,87
S0645,DBMS,50
S0646,Mathematics,64
S0646,English,44
S0646,Science,70
S0646,Computer Science,91
S0646,DBMS,60
S0647,Mathematics,65
S0647,English,69
S0647,Science,66
S0647,Computer Science,65
S0647,DBMS,48
S0648,Mathematics,65
S0648,English,40
S0648,Science,96
S0648,Computer Science,80
S0648,DBMS,37
S0649,Mathematics,48
S0649,English,79
S0649,Science,37
S0649,Computer Science,43
S0649,DBMS,70
S0650,Mathematics,92
S0650,English,40
S0650,Science,78
S0650,Computer Science,54
S0650,DBMS,42
S0651,Mathematics,80
S0651,English,44
S0651,Science,43
S0651,Computer Science,93
S0651,DBMS,66
S0652,Mathematics,53
S0652,English,44
S0652,Science,91
S0652,Computer Science,94
S0652,DBMS,15
S0653,Mathematics,38
S0653,English,88
S0653,Science,96
S0653,Computer Science,85
S0653,DBMS,68
S0654,Mathematics,58
S0654,English,73
S0654,Science,69
S0654,Computer Science,98
S0654,DBMS,89
S0655,Mathematics,81
S0655,English,43
S0655,Science,70
S0655,Computer Science,84
S0655,DBMS,71
S0656,Mathematics,61
S0656,English,73
S0656,Science,40
S0656,Computer Science,47
S0656,DBMS,65
S0657,Mathematics,69
S0657,English,42
S0657,Science,45
S0657,Computer Science,77
S0657,DBMS,52
S0658,Mathematics,89
S0658,English,88
S0658,Science,49
S0658,Computer Science,40
S0658,DBMS,80
S0659,Mathematics,60
S0659,English,75
S0659,Science,79
S0659,Computer Science,78
S0659,DBMS,39
S0660,Mathematics,46
S0660,English,54
S0660,Science,16
S0660,Computer Science,15
S0660,DBMS,89
S0661,Mathematics,97
S0661,English,40
S0661,Science,68
S0661,Computer Science,68
S0661,DBMS,45
S0662,Mathematics,57
S0662,English,38
S0662,Science,69
S0662,Computer Science,48
S0662,DBMS,78
S0663,Mathematics,79
S0663,English,55
S0663,Science,69
S0663,Computer Science,69
S0663,DBMS,93
S0664,Mathematics,50
S0664,English,62
S0664,Science,45
S0664,Computer Science,77
S0664,DBMS,53
S0665,Mathematics,86
S0665,English,61
S0665,Science,75
S0665,Computer Science,76
S0665,DBMS,62
S0666,Mathematics,57
S0666,English,96
S0666,Science,44
S0666,Computer Science,53
S0666,DBMS,52
S0667,Mathematics,56
S0667,English,15
S0667,Science,54
S0667,Computer Science,44
S0667,DBMS,15
S0668,Mathematics,54
S0668,English,53
S0668,Science,54
S0668,Computer Science,67
S0668,DBMS,91
S0669,Mathematics,99
S0669,English,75
S0669,Science,59
S0669,Computer Science,38
S0669,DBMS,73
S0670,Mathematics,64
S0670,English,86
S0670,Science,62
S0670,Computer Science,74
S0670,DBMS,53
S0671,Mathematics,81
S0671,English,43
S0671,Science,63
S0671,Computer Science,98
S0671,DBMS,56
S0672,Mathematics,67
S0672,English,15
S0672,Science,66
S0672,Computer Science,96
S0672,DBMS,75
S0673,Mathematics,96
S0673,English,59
S0673,Science,60
S0673,Computer Science,97
S0673,DBMS,37
S0674,Mathematics,80
S0674,English,61
S0674,Science,15
S0674,Computer Science,83
S0674,DBMS,61
S0675,Mathematics,76
S0675,English,90
S0675,Science,49
S0675,Computer Science,93
S0675,DBMS,81
S0676,Mathematics,75
S0676,English,89
S0676,Science,65
S0676,Computer Science,61
S0676,DBMS,38
S0677,Mathematics,68
S0677,English,41
S0677,Science,38
S0677,Computer Science,49
S0677,DBMS,72
S0678,Mathematics,44
S0678,English,68
S0678,Science,79
S0678,Computer Science,51
S0678,DBMS,57
S0679,Mathematics,53
S0679,English,81
S0679,Science,68
S0679,Computer Science,66
S0679,DBMS,97
S0680,Mathematics,50
S0680,English,67
S0680,Science,40
S0680,Computer Science,64
S0680,DBMS,73
S0681,Mathematics,45
S0681,English,65
S0681,Science,89
S0681,Computer Science,82
S0681,DBMS,68
S0682,Mathematics,71
S0682,English,83
S0682,Science,48
S0682,Computer Science,77
S0682,DBMS,45
S0683,Mathematics,49
S0683,English,46
S0683,Science,51
S0683,Computer Science,84
S0683,DBMS,85
S0684,Mathematics,89
S0684,English,96
S0684,Science,100
S0684,Computer Science,62
S0684,DBMS,97
S0685,Mathematics,57
S0685,English,53
S0685,Science,43
S0685,Computer Science,44
S0685,DBMS,96
S0686,Mathematics,81
S0686,English,59
S0686,Science,89
S0686,Computer Science,57
S0686,DBMS,98
S0687,Mathematics,65
S0687,English,62
S0687,Science,92
S0687,Computer Science,71
S0687,DBMS,60
S0688,Mathematics,90
S0688,English,40
S0688,Science,57
S0688,Computer Science,49
S0688,DBMS,73
S0689,Mathematics,80
S0689,English,100
S0689,Science,39
S0689,Computer Science,65
S0689,DBMS,54
S0690,Mathematics,50
S0690,English,49
S0690,Science,66
S0690,Computer Science,88
S0690,DBMS,59
S0691,Mathematics,85
S0691,English,100
S0691,Science,45
S0691,Computer Science,68
S0691,DBMS,50
S0692,Mathematics,16
S0692,English,49
S0692,Science,100
S0692,Computer Science,16
S0692,DBMS,74
S0693,Mathematics,51
S0693,English,64
S0693,Science,62
S0693,Computer Science,47
S0693,DBMS,37
S0694,Mathematics,45
S0694,English,52
S0694,Science,62
S0694,Computer Science,85
S0694,DBMS,51
S0695,Mathematics,69
S0695,English,56
S0695,Science,42
S0695,Computer Science,55
S0695,DBMS,95
S0696,Mathematics,82
S0696,English,86
S0696,Science,54
S0696,Computer Science,86
S0696,DBMS,50
S0697,Mathematics,74
S0697,English,65
S0697,Science,42
S0697,Computer Science,56
S0697,DBMS,37
S0698,Mathematics,53
S0698,English,91
S0698,Science,53
S0698,Computer Science,80
S0698,DBMS,40
S0699,Mathematics,50
S0699,English,96
S0699,Science,89
S0699,Computer Science,89
S0699,DBMS,53
S0700,Mathematics,38
S0700,English,41
S0700,Science,57
S0700,Computer Science,70
S0700,DBMS,80
S0701,Mathematics,92
S0701,English,72
S0701,Science,58
S0701,Computer Science,82
S0701,DBMS,87
S0702,Mathematics,100
S0702,English,67
S0702,Science,87
S0702,Computer Science,58
S0702,DBMS,60
S0703,Mathematics,77
S0703,English,58
S0703,Science,97
S0703,Computer Science,84
S0703,DBMS,95
S0704,Mathematics,39
S0704,English,61
S0704,Science,66
S0704,Computer Science,59
S0704,DBMS,52
S0705,Mathematics,97
S0705,English,91
S0705,Science,46
S0705,Computer Science,54
S0705,DBMS,42
S0706,Mathematics,79
S0706,English,57
S0706,Science,88
S0706,Computer Science,44
S0706,DBMS,55
S0707,Mathematics,68
S0707,English,62
S0707,Science,68
S0707,Computer Science,85
S0707,DBMS,37
S0708,Mathematics,58
S0708,English,42
S0708,Science,41
S0708,Computer Science,16
S0708,DBMS,52
S0709,Mathematics,71
S0709,English,70
S0709,Science,52
S0709,Computer Science,93
S0709,DBMS,44
S0710,Mathematics,53
S0710,English,53
S0710,Science,62
S0710,Computer Science,40
S0710,DBMS,64
S0711,Mathematics,76
S0711,English,74
S0711,Science,68
S0711,Computer Science,82
S0711,DBMS,87
S0712,Mathematics,56
S0712,English,48
S0712,Science,97
S0712,Computer Science,64
S0712,DBMS,66
S0713,Mathematics,92
S0713,English,88
S0713,Science,43
S0713,Computer Science,82
S0713,DBMS,52
S0714,Mathematics,40
S0714,English,62
S0714,Science,55
S0714,Computer Science,51
S0714,DBMS,38
S0715,Mathematics,46
S0715,English,83
S0715,Science,97
S0715,Computer Science,88
S0715,DBMS,16
S0716,Mathematics,98
S0716,English,100
S0716,Science,67
S0716,Computer Science,62
S0716,DBMS,68
S0717,Mathematics,74
S0717,English,64
S0717,Science,55
S0717,Computer Science,37
S0717,DBMS,55
S0718,Mathematics,44
S0718,English,50
S0718,Science,86
S0718,Computer Science,50
S0718,DBMS,53
S0719,Mathematics,68
S0719,English,92
S0719,Science,48
S0719,Computer Science,57
S0719,DBMS,60
S0720,Mathematics,39
S0720,English,38
S0720,Science,41
S0720,Computer Science,66
S0720,DBMS,100
S0721,Mathematics,58
S0721,English,85
S0721,Science,76
S0721,Computer Science,87
S0721,DBMS,47
S0722,Mathematics,67
S0722,English,47
S0722,Science,56
S0722,Computer Science,89
S0722,DBMS,59
S0723,Mathematics,95
S0723,English,50
S0723,Science,64
S0723,Computer Science,60
S0723,DBMS,73
S0724,Mathematics,76
S0724,English,61
S0724,Science,78
S0724,Computer Science,88
S0724,DBMS,91
S0725,Mathematics,49
S0725,English,42
S0725,Science,83
S0725,Computer Science,16
S0725,DBMS,56
S0726,Mathematics,71
S0726,English,60
S0726,Science,48
S0726,Computer Science,42
S0726,DBMS,82
S0727,Mathematics,37
S0727,English,66
S0727,Science,41
S0727,Computer Science,59
S0727,DBMS,84
S0728,Mathematics,85
S0728,English,43
S0728,Science,66
S0728,Computer Science,83
S0728,DBMS,54
S0729,Mathematics,58
S0729,English,94
S0729,Science,69
S0729,Computer Science,77
S0729,DBMS,67
S0730,Mathematics,82
S0730,English,98
S0730,Science,63
S0730,Computer Science,81
S0730,DBMS,64
S0731,Mathematics,16
S0731,English,97
S0731,Science,65
S0731,Computer Science,98
S0731,DBMS,58
S0732,Mathematics,60
S0732,English,57
S0732,Science,16
S0732,Computer Science,42
S0732,DBMS,94
S0733,Mathematics,43
S0733,English,54
S0733,Science,58
S0733,Computer Science,42
S0733,DBMS,90
S0734,Mathematics,72
S0734,English,51
S0734,Science,41
S0734,Computer Science,91
S0734,DBMS,50
S0715,Mathematics,87
S0715,English,85
S0715,Science,83
S0715,Computer Science,43
S0715,DBMS,41
S0716,Mathematics,51
S0716,English,67
S0716,Science,75
S0716,Computer Science,96
S0716,DBMS,95
S0737,Mathematics,15
S0737,English,40
S0737,Science,83
S0737,Computer Science,49
S0737,DBMS,90
S0738,Mathematics,100
S0738,English,82
S0738,Science,72
S0738,Computer Science,93
S0738,DBMS,92
S0739,Mathematics,47
S0739,English,88
S0739,Science,83
S0739,Computer Science,92
S0739,DBMS,59
S0740,Mathematics,48
S0740,English,55
S0740,Science,68
S0740,Computer Science,82
S0740,DBMS,79
S0741,Mathematics,57
S0741,English,83
S0741,Science,59
S0741,Computer Science,76
S0741,DBMS,95
S0742,Mathematics,81
S0742,English,72
S0742,Science,52
S0742,Computer Science,45
S0742,DBMS,81
S0743,Mathematics,92
S0743,English,44
S0743,Science,92
S0743,Computer Science,70
S0743,DBMS,72
S0744,Mathematics,66
S0744,English,42
S0744,Science,94
S0744,Computer Science,51
S0744,DBMS,48
S0745,Mathematics,47
S0745,English,56
S0745,Science,96
S0745,Computer Science,15
S0745,DBMS,41
S0746,Mathematics,46
S0746,English,64
S0746,Science,71
S0746,Computer Science,40
S0746,DBMS,73
S0747,Mathematics,40
S0747,English,50
S0747,Science,55
S0747,Computer Science,52
S0747,DBMS,60
S0748,Mathematics,89
S0748,English,53
S0748,Science,70
S0748,Computer Science,74
S0748,DBMS,49
S0749,Mathematics,94
S0749,English,44
S0749,Science,74
S0749,Computer Science,94
S0749,DBMS,93
S0750,Mathematics,77
S0750,English,80
S0750,Science,44
S0750,Computer Science,65
S0750,DBMS,67
S0751,Mathematics,60
S0751,English,100
S0751,Science,15
S0751,Computer Science,71
S0751,DBMS,68
S0752,Mathematics,83
S0752,English,72
S0752,Science,83
S0752,Computer Science,71
S0752,DBMS,83
S0753,Mathematics,16
S0753,English,15
S0753,Science,96
S0753,Computer Science,57
S0753,DBMS,97
S0754,Mathematics,83
S0754,English,38
S0754,Science,69
S0754,Computer Science,58
S0754,DBMS,16
S0755,Mathematics,15
S0755,English,43
S0755,Science,47
S0755,Computer Science,61
S0755,DBMS,56
S0756,Mathematics,85
S0756,English,97
S0756,Science,53
S0756,Computer Science,47
S0756,DBMS,58
S0757,Mathematics,43
S0757,English,81
S0757,Science,55
S0757,Computer Science,83
S0757,DBMS,47
S0758,Mathematics,66
S0758,English,90
S0758,Science,80
S0758,Computer Science,65
S0758,DBMS,99
S0759,Mathematics,62
S0759,English,59
S0759,Science,37
S0759,Computer Science,92
S0759,DBMS,60
S0760,Mathematics,68
S0760,English,75
S0760,Science,83
S0760,Computer Science,93
S0760,DBMS,42
S0761,Mathematics,49
S0761,English,44
S0761,Science,63
S0761,Computer Science,84
S0761,DBMS,73
S0762,Mathematics,70
S0762,English,37
S0762,Science,85
S0762,Computer Science,37
S0762,DBMS,58
S0763,Mathematics,54
S0763,English,38
S0763,Science,100
S0763,Computer Science,96
S0763,DBMS,67
S0764,Mathematics,72
S0764,English,54
S0764,Science,89
S0764,Computer Science,64
S0764,DBMS,58
S0765,Mathematics,97
S0765,English,60
S0765,Science,87
S0765,Computer Science,45
S0765,DBMS,57
S0766,Mathematics,53
S0766,English,56
S0766,Science,45
S0766,Computer Science,73
S0766,DBMS,44
S0767,Mathematics,66
S0767,English,42
S0767,Science,54
S0767,Computer Science,65
S0767,DBMS,72
S0768,Mathematics,97
S0768,English,86
S0768,Science,58
S0768,Computer Science,92
S0768,DBMS,16
S0769,Mathematics,38
S0769,English,98
S0769,Science,44
S0769,Computer Science,93
S0769,DBMS,82
S0770,Mathematics,62
S0770,English,57
S0770,Science,49
S0770,Computer Science,81
S0770,DBMS,58
S0771,Mathematics,44
S0771,English,93
S0771,Science,73
S0771,Computer Science,41
S0771,DBMS,78
S0772,Mathematics,39
S0772,English,42
S0772,Science,56
S0772,Computer Science,65
S0772,DBMS,52
S0773,Mathematics,69
S0773,English,15
S0773,Science,61
S0773,Computer Science,86
S0773,DBMS,97
S0774,Mathematics,85
S0774,English,56
S0774,Science,16
S0774,Computer Science,90
S0774,DBMS,77
S0775,Mathematics,39
S0775,English,46
S0775,Science,100
S0775,Computer Science,86
S0775,DBMS,74
S0776,Mathematics,65
S0776,English,49
S0776,Science,15
S0776,Computer Science,43
S0776,DBMS,15
S0777,Mathematics,70
S0777,English,86
S0777,Science,39
S0777,Computer Science,86
S0777,DBMS,86
S0778,Mathematics,83
S0778,English,37
S0778,Science,77
S0778,Computer Science,75
S0778,DBMS,38
S0779,Mathematics,41
S0779,English,84
S0779,Science,82
S0779,Computer Science,73
S0779,DBMS,40
S0780,Mathematics,95
S0780,English,68
S0780,Science,66
S0780,Computer Science,72
S0780,DBMS,97
S0781,Mathematics,43
S0781,English,82
S0781,Science,91
S0781,Computer Science,61
S0781,DBMS,71
S0782,Mathematics,100
S0782,English,70
S0782,Science,39
S0782,Computer Science,45
S0782,DBMS,53
S0783,Mathematics,67
S0783,English,39
S0783,Science,64
S0783,Computer Science,67
S0783,DBMS,80
S0784,Mathematics,59
S0784,English,87
S0784,Science,94
S0784,Computer Science,99
S0784,DBMS,47
S0785,Mathematics,78
S0785,English,44
S0785,Science,44
S0785,Computer Science,75
S0785,DBMS,60
S0786,Mathematics,97
S0786,English,66
S0786,Science,99
S0786,Computer Science,96
S0786,DBMS,68
S0787,Mathematics,37
S0787,English,55
S0787,Science,71
S0787,Computer Science,60
S0787,DBMS,41
S0788,Mathematics,74
S0788,English,83
S0788,Science,42
S0788,Computer Science,43
S0788,DBMS,45
S0789,Mathematics,79
S0789,English,92
S0789,Science,42
S0789,Computer Science,44
S0789,DBMS,76
S0790,Mathematics,98
S0790,English,82
S0790,Science,39
S0790,Computer Science,60
S0790,DBMS,70
S0791,Mathematics,90
S0791,English,82
S0791,Science,58
S0791,Computer Science,58
S0791,DBMS,92
S0792,Mathematics,94
S0792,English,38
S0792,Science,39
S0792,Computer Science,50
S0792,DBMS,54
S0793,Mathematics,60
S0793,English,81
S0793,Science,70
S0793,Computer Science,61
S0793,DBMS,73
S0794,Mathematics,56
S0794,English,89
S0794,Science,52
S0794,Computer Science,98
S0794,DBMS,71
S0795,Mathematics,41
S0795,English,83
S0795,Science,92
S0795,Computer Science,70
S0795,DBMS,57
S0796,Mathematics,99
S0796,English,87
S0796,Science,66
S0796,Computer Science,83
S0796,DBMS,90
S0797,Mathematics,78
S0797,English,94
S0797,Science,69
S0797,Computer Science,80
S0797,DBMS,16
S0798,Mathematics,51
S0798,English,42
S0798,Science,49
S0798,Computer Science,69
S0798,DBMS,44
S0799,Mathematics,97
S0799,English,39
S0799,Science,60
S0799,Computer Science,59
S0799,DBMS,96
S0800,Mathematics,40
S0800,English,94
S0800,Science,70
S0800,Computer Science,88
S0800,DBMS,100
S0801,Mathematics,79
S0801,English,72
S0801,Science,50
S0801,Computer Science,92
S0801,DBMS,87
S0802,Mathematics,76
S0802,English,79
S0802,Science,52
S0802,Computer Science,46
S0802,DBMS,49
S0803,Mathematics,54
S0803,English,90
S0803,Science,73
S0803,Computer Science,90
S0803,DBMS,55
S0804,Mathematics,82
S0804,English,66
S0804,Science,88
S0804,Computer Science,40
S0804,DBMS,52
S0805,Mathematics,88
S0805,English,56
S0805,Science,58
S0805,Computer Science,87
S0805,DBMS,37
S0806,Mathematics,16
S0806,English,82
S0806,Science,38
S0806,Computer Science,78
S0806,DBMS,60
S0807,Mathematics,76
S0807,English,75
S0807,Science,46
S0807,Computer Science,48
S0807,DBMS,73
S0808,Mathematics,68
S0808,English,37
S0808,Science,83
S0808,Computer Science,68
S0808,DBMS,43
S0809,Mathematics,100
S0809,English,98
S0809,Science,46
S0809,Computer Science,50
S0809,DBMS,76
S0810,Mathematics,98
S0810,English,48
S0810,Science,40
S0810,Computer Science,74
S0810,DBMS,52
S0811,Mathematics,37
S0811,English,95
S0811,Science,63
S0811,Computer Science,69
S0811,DBMS,88
S0812,Mathematics,83
S0812,English,96
S0812,Science,54
S0812,Computer Science,93
S0812,DBMS,100
S0813,Mathematics,97
S0813,English,43
S0813,Science,40
S0813,Computer Science,71
S0813,DBMS,68
S0814,Mathematics,45
S0814,English,76
S0814,Science,53
S0814,Computer Science,97
S0814,DBMS,50
S0815,Mathematics,65
S0815,English,53
S0815,Science,61
S0815,Computer Science,68
S0815,DBMS,39
S0816,Mathematics,91
S0816,English,48
S0816,Science,79
S0816,Computer Science,50
S0816,DBMS,71
S0817,Mathematics,92
S0817,English,48
S0817,Science,71
S0817,Computer Science,89
S0817,DBMS,54
S0818,Mathematics,62
S0818,English,75
S0818,Science,65
S0818,Computer Science,85
S0818,DBMS,38
S0819,Mathematics,72
S0819,English,75
S0819,Science,39
S0819,Computer Science,57
S0819,DBMS,38
S0820,Mathematics,96
S0820,English,80
S0820,Science,60
S0820,Computer Science,81
S0820,DBMS,41
S0821,Mathematics,68
S0821,English,41
S0821,Science,72
S0821,Computer Science,56
S0821,DBMS,40
S0822,Mathematics,54
S0822,English,47
S0822,Science,63
S0822,Computer Science,46
S0822,DBMS,65
S0823,Mathematics,90
S0823,English,79
S0823,Science,70
S0823,Computer Science,37
S0823,DBMS,47
S0824,Mathematics,85
S0824,English,90
S0824,Science,87
S0824,Computer Science,62
S0824,DBMS,96
S0825,Mathematics,46
S0825,English,88
S0825,Science,45
S0825,Computer Science,89
S0825,DBMS,58
S0826,Mathematics,51
S0826,English,54
S0826,Science,70
S0826,Computer Science,72
S0826,DBMS,64
S0827,Mathematics,44
S0827,English,99
S0827,Science,63
S0827,Computer Science,74
S0827,DBMS,78
S0828,Mathematics,69
S0828,English,56
S0828,Science,72
S0828,Computer Science,50
S0828,DBMS,37
S0829,Mathematics,65
S0829,English,58
S0829,Science,44
S0829,Computer Science,52
S0829,DBMS,70
S0830,Mathematics,90
S0830,English,97
S0830,Science,15
S0830,Computer Science,98
S0830,DBMS,77
S0831,Mathematics,97
S0831,English,75
S0831,Science,88
S0831,Computer Science,54
S0831,DBMS,66
S0832,Mathematics,57
S0832,English,42
S0832,Science,98
S0832,Computer Science,92
S0832,DBMS,59
S0833,Mathematics,40
S0833,English,46
S0833,Science,87
S0833,Computer Science,85
S0833,DBMS,82
S0834,Mathematics,40
S0834,English,60
S0834,Science,51
S0834,Computer Science,81
S0834,DBMS,43
S0815,Mathematics,91
S0815,English,63
S0815,Science,37
S0815,Computer Science,40
S0815,DBMS,97
S0816,Mathematics,81
S0816,English,63
S0816,Science,76
S0816,Computer Science,100
S0816,DBMS,44
S0837,Mathematics,49
S0837,English,94
S0837,Science,53
S0837,Computer Science,48
S0837,DBMS,67
S0838,Mathematics,75
S0838,English,79
S0838,Science,16
S0838,Computer Science,53
S0838,DBMS,87
S0839,Mathematics,38
S0839,English,16
S0839,Science,69
S0839,Computer Science,15
S0839,DBMS,65
S0840,Mathematics,46
S0840,English,59
S0840,Science,39
S0840,Computer Science,95
S0840,DBMS,60
S0841,Mathematics,57
S0841,English,49
S0841,Science,40
S0841,Computer Science,50
S0841,DBMS,100
S0842,Mathematics,73
S0842,English,73
S0842,Science,90
S0842,Computer Science,97
S0842,DBMS,16
S0843,Mathematics,76
S0843,English,96
S0843,Science,16
S0843,Computer Science,86
S0843,DBMS,95
S0844,Mathematics,38
S0844,English,96
S0844,Science,48
S0844,Computer Science,75
S0844,DBMS,70
S0845,Mathematics,38
S0845,English,78
S0845,Science,100
S0845,Computer Science,65
S0845,DBMS,83
S0846,Mathematics,66
S0846,English,91
S0846,Science,90
S0846,Computer Science,80
S0846,DBMS,48
S0847,Mathematics,55
S0847,English,50
S0847,Science,69
S0847,Computer Science,68
S0847,DBMS,68
S0848,Mathematics,67
S0848,English,74
S0848,Science,84
S0848,Computer Science,54
S0848,DBMS,84
S0849,Mathematics,95
S0849,English,45
S0849,Science,16
S0849,Computer Science,59
S0849,DBMS,16
S0850,Mathematics,90
S0850,English,68
S0850,Science,69
S0850,Computer Science,61
S0850,DBMS,72
S0851,Mathematics,68
S0851,English,96
S0851,Science,42
S0851,Computer Science,72
S0851,DBMS,93
S0852,Mathematics,88
S0852,English,60
S0852,Science,15
S0852,Computer Science,44
S0852,DBMS,79
S0853,Mathematics,95
S0853,English,38
S0853,Science,93
S0853,Computer Science,91
S0853,DBMS,95
S0854,Mathematics,48
S0854,English,93
S0854,Science,49
S0854,Computer Science,44
S0854,DBMS,100
S0855,Mathematics,97
S0855,English,40
S0855,Science,69
S0855,Computer Science,68
S0855,DBMS,84
S0856,Mathematics,53
S0856,English,97
S0856,Science,37
S0856,Computer Science,87
S0856,DBMS,66
S0857,Mathematics,58
S0857,English,85
S0857,Science,84
S0857,Computer Science,86
S0857,DBMS,55
S0858,Mathematics,83
S0858,English,80
S0858,Science,98
S0858,Computer Science,70
S0858,DBMS,48
S0859,Mathematics,52
S0859,English,61
S0859,Science,42
S0859,Computer Science,81
S0859,DBMS,51
S0860,Mathematics,49
S0860,English,95
S0860,Science,57
S0860,Computer Science,71
S0860,DBMS,45
S0861,Mathematics,71
S0861,English,65
S0861,Science,75
S0861,Computer Science,43
S0861,DBMS,53
S0862,Mathematics,84
S0862,English,45
S0862,Science,64
S0862,Computer Science,40
S0862,DBMS,93
S0863,Mathematics,92
S0863,English,75
S0863,Science,47
S0863,Computer Science,96
S0863,DBMS,76
S0864,Mathematics,100
S0864,English,54
S0864,Science,51
S0864,Computer Science,63
S0864,DBMS,88
S0865,Mathematics,67
S0865,English,70
S0865,Science,72
S0865,Computer Science,48
S0865,DBMS,63
S0866,Mathematics,85
S0866,English,99
S0866,Science,89
S0866,Computer Science,98
S0866,DBMS,89
S0867,Mathematics,80
S0867,English,76
S0867,Science,93
S0867,Computer Science,70
S0867,DBMS,48
S0868,Mathematics,68
S0868,English,100
S0868,Science,60
S0868,Computer Science,92
S0868,DBMS,41
S0869,Mathematics,58
S0869,English,90
S0869,Science,72
S0869,Computer Science,99
S0869,DBMS,74
S0870,Mathematics,56
S0870,English,55
S0870,Science,59
S0870,Computer Science,69
S0870,DBMS,73
S0871,Mathematics,77
S0871,English,40
S0871,Science,93
S0871,Computer Science,83
S0871,DBMS,67
S0872,Mathematics,100
S0872,English,41
S0872,Science,70
S0872,Computer Science,59
S0872,DBMS,64
S0873,Mathematics,82
S0873,English,51
S0873,Science,54
S0873,Computer Science,61
S0873,DBMS,61
S0874,Mathematics,40
S0874,English,58
S0874,Science,74
S0874,Computer Science,99
S0874,DBMS,87
S0875,Mathematics,89
S0875,English,71
S0875,Science,77
S0875,Computer Science,96
S0875,DBMS,83
S0876,Mathematics,37
S0876,English,98
S0876,Science,43
S0876,Computer Science,94
S0876,DBMS,46
S0877,Mathematics,39
S0877,English,65
S0877,Science,93
S0877,Computer Science,97
S0877,DBMS,62
S0878,Mathematics,65
S0878,English,72
S0878,Science,55
S0878,Computer Science,51
S0878,DBMS,78
S0879,Mathematics,54
S0879,English,38
S0879,Science,73
S0879,Computer Science,65
S0879,DBMS,55
S0880,Mathematics,42
S0880,English,61
S0880,Science,76
S0880,Computer Science,51
S0880,DBMS,73
S0881,Mathematics,92
S0881,English,61
S0881,Science,86
S0881,Computer Science,51
S0881,DBMS,95
S0882,Mathematics,93
S0882,English,93
S0882,Science,70
S0882,Computer Science,55
S0882,DBMS,42
S0883,Mathematics,64
S0883,English,38
S0883,Science,40
S0883,Computer Science,69
S0883,DBMS,81
S0884,Mathematics,56
S0884,English,92
S0884,Science,82
S0884,Computer Science,42
S0884,DBMS,40
S0885,Mathematics,54
S0885,English,87
S0885,Science,97
S0885,Computer Science,68
S0885,DBMS,81
S0886,Mathematics,60
S0886,English,42
S0886,Science,70
S0886,Computer Science,55
S0886,DBMS,48
S0887,Mathematics,41
S0887,English,99
S0887,Science,47
S0887,Computer Science,48
S0887,DBMS,61
S0888,Mathematics,62
S0888,English,67
S0888,Science,81
S0888,Computer Science,99
S0888,DBMS,80
S0889,Mathematics,81
S0889,English,96
S0889,Science,63
S0889,Computer Science,93
S0889,DBMS,73
S0890,Mathematics,41
S0890,English,59
S0890,Science,68
S0890,Computer Science,71
S0890,DBMS,83
S0891,Mathematics,88
S0891,English,85
S0891,Science,50
S0891,Computer Science,94
S0891,DBMS,94
S0892,Mathematics,48
S0892,English,97
S0892,Science,84
S0892,Computer Science,75
S0892,DBMS,87
S0893,Mathematics,51
S0893,English,57
S0893,Science,96
S0893,Computer Science,77
S0893,DBMS,86
S0894,Mathematics,80
S0894,English,78
S0894,Science,71
S0894,Computer Science,97
S0894,DBMS,58
S0895,Mathematics,78
S0895,English,68
S0895,Science,40
S0895,Computer Science,82
S0895,DBMS,82
S0896,Mathematics,62
S0896,English,80
S0896,Science,95
S0896,Computer Science,72
S0896,DBMS,98
S0897,Mathematics,53
S0897,English,83
S0897,Science,76
S0897,Computer Science,82
S0897,DBMS,45
S0898,Mathematics,71
S0898,English,72
S0898,Science,96
S0898,Computer Science,76
S0898,DBMS,53
S0899,Mathematics,94
S0899,English,79
S0899,Science,52
S0899,Computer Science,77
S0899,DBMS,97
S0900,Mathematics,51
S0900,English,99
S0900,Science,66
S0900,Computer Science,57
S0900,DBMS,48
S0901,Mathematics,57
S0901,English,90
S0901,Science,70
S0901,Computer Science,88
S0901,DBMS,47
S0902,Mathematics,40
S0902,English,84
S0902,Science,98
S0902,Computer Science,48
S0902,DBMS,41
S0903,Mathematics,84
S0903,English,55
S0903,Science,51
S0903,Computer Science,66
S0903,DBMS,62
S0904,Mathematics,93
S0904,English,15
S0904,Science,47
S0904,Computer Science,72
S0904,DBMS,66
S0905,Mathematics,38
S0905,English,16
S0905,Science,77
S0905,Computer Science,54
S0905,DBMS,54
S0906,Mathematics,92
S0906,English,84
S0906,Science,62
S0906,Computer Science,59
S0906,DBMS,83
S0907,Mathematics,73
S0907,English,45
S0907,Science,57
S0907,Computer Science,95
S0907,DBMS,90
S0908,Mathematics,85
S0908,English,79
S0908,Science,63
S0908,Computer Science,86
S0908,DBMS,40
S0909,Mathematics,37
S0909,English,42
S0909,Science,89
S0909,Computer Science,41
S0909,DBMS,67
S0910,Mathematics,98
S0910,English,51
S0910,Science,39
S0910,Computer Science,98
S0910,DBMS,64
S0911,Mathematics,46
S0911,English,57
S0911,Science,67
S0911,Computer Science,80
S0911,DBMS,65
S0912,Mathematics,58
S0912,English,90
S0912,Science,69
S0912,Computer Science,95
S0912,DBMS,76
S0913,Mathematics,44
S0913,English,56
S0913,Science,76
S0913,Computer Science,86
S0913,DBMS,93
S0914,Mathematics,60
S0914,English,49
S0914,Science,16
S0914,Computer Science,84
S0914,DBMS,95
S0915,Mathematics,52
S0915,English,54
S0915,Science,86
S0915,Computer Science,61
S0915,DBMS,48
S0916,Mathematics,48
S0916,English,59
S0916,Science,96
S0916,Computer Science,82
S0916,DBMS,45
S0917,Mathematics,95
S0917,English,94
S0917,Science,83
S0917,Computer Science,52
S0917,DBMS,39
S0918,Mathematics,97
S0918,English,51
S0918,Science,51
S0918,Computer Science,84
S0918,DBMS,82
S0919,Mathematics,45
S0919,English,86
S0919,Science,88
S0919,Computer Science,67
S0919,DBMS,76
S0920,Mathematics,68
S0920,English,43
S0920,Science,68
S0920,Computer Science,42
S0920,DBMS,88
S0921,Mathematics,97
S0921,English,45
S0921,Science,45
S0921,Computer Science,54
S0921,DBMS,61
S0922,Mathematics,41
S0922,English,96
S0922,Science,93
S0922,Computer Science,92
S0922,DBMS,53
S0923,Mathematics,93
S0923,English,83
S0923,Science,99
S0923,Computer Science,88
S0923,DBMS,93
S0924,Mathematics,66
S0924,English,38
S0924,Science,90
S0924,Computer Science,79
S0924,DBMS,64
S0925,Mathematics,67
S0925,English,71
S0925,Science,80
S0925,Computer Science,98
S0925,DBMS,79
S0926,Mathematics,15
S0926,English,15
S0926,Science,61
S0926,Computer Science,43
S0926,DBMS,74
S0927,Mathematics,41
S0927,English,67
S0927,Science,63
S0927,Computer Science,56
S0927,DBMS,58
S0928,Mathematics,65
S0928,English,85
S0928,Science,78
S0928,Computer Science,38
S0928,DBMS,91
S0929,Mathematics,81
S0929,English,61
S0929,Science,81
S0929,Computer Science,43
S0929,DBMS,39
S0930,Mathematics,38
S0930,English,76
S0930,Science,65
S0930,Computer Science,90
S0930,DBMS,80
S0931,Mathematics,37
S0931,English,55
S0931,Science,51
S0931,Computer Science,47
S0931,DBMS,80
S0932,Mathematics,38
S0932,English,54
S0932,Science,44
S0932,Computer Science,71
S0932,DBMS,52
S0933,Mathematics,93
S0933,English,46
S0933,Science,15
S0933,Computer Science,48
S0933,DBMS,49
S0934,Mathematics,60
S0934,English,44
S0934,Science,89
S0934,Computer Science,58
S0934,DBMS,83
S0915,Mathematics,52
S0915,English,85
S0915,Science,82
S0915,Computer Science,72
S0915,DBMS,84
S0916,Mathematics,85
S0916,English,40
S0916,Science,60
S0916,Computer Science,15
S0916,DBMS,54
S0937,Mathematics,69
S0937,English,79
S0937,Science,85
S0937,Computer Science,86
S0937,DBMS,50
S0938,Mathematics,66
S0938,English,94
S0938,Science,77
S0938,Computer Science,83
S0938,DBMS,95
S0939,Mathematics,72
S0939,English,51
S0939,Science,16
S0939,Computer Science,78
S0939,DBMS,82
S0940,Mathematics,59
S0940,English,53
S0940,Science,67
S0940,Computer Science,62
S0940,DBMS,61
S0941,Mathematics,94
S0941,English,82
S0941,Science,56
S0941,Computer Science,89
S0941,DBMS,75
S0942,Mathematics,38
S0942,English,64
S0942,Science,74
S0942,Computer Science,73
S0942,DBMS,72
S0943,Mathematics,67
S0943,English,97
S0943,Science,96
S0943,Computer Science,39
S0943,DBMS,84
S0944,Mathematics,73
S0944,English,97
S0944,Science,49
S0944,Computer Science,88
S0944,DBMS,39
S0945,Mathematics,54
S0945,English,55
S0945,Science,74
S0945,Computer Science,88
S0945,DBMS,56
S0946,Mathematics,48
S0946,English,43
S0946,Science,42
S0946,Computer Science,96
S0946,DBMS,47
S0947,Mathematics,53
S0947,English,56
S0947,Science,38
S0947,Computer Science,45
S0947,DBMS,59
S0948,Mathematics,75
S0948,English,49
S0948,Science,15
S0948,Computer Science,87
S0948,DBMS,99
S0949,Mathematics,99
S0949,English,91
S0949,Science,39
S0949,Computer Science,85
S0949,DBMS,75
S0950,Mathematics,49
S0950,English,96
S0950,Science,68
S0950,Computer Science,82
S0950,DBMS,56
S0951,Mathematics,57
S0951,English,70
S0951,Science,52
S0951,Computer Science,85
S0951,DBMS,15
S0952,Mathematics,98
S0952,English,71
S0952,Science,97
S0952,Computer Science,74
S0952,DBMS,56
S0953,Mathematics,65
S0953,English,15
S0953,Science,15
S0953,Computer Science,66
S0953,DBMS,98
S0954,Mathematics,57
S0954,English,55
S0954,Science,96
S0954,Computer Science,56
S0954,DBMS,99
S0955,Mathematics,67
S0955,English,100
S0955,Science,76
S0955,Computer Science,37
S0955,DBMS,50
S0956,Mathematics,79
S0956,English,16
S0956,Science,91
S0956,Computer Science,56
S0956,DBMS,83
S0957,Mathematics,96
S0957,English,89
S0957,Science,45
S0957,Computer Science,66
S0957,DBMS,40
S0958,Mathematics,47
S0958,English,74
S0958,Science,69
S0958,Computer Science,58
S0958,DBMS,54
S0959,Mathematics,95
S0959,English,68
S0959,Science,47
S0959,Computer Science,91
S0959,DBMS,57
S0960,Mathematics,78
S0960,English,48
S0960,Science,93
S0960,Computer Science,51
S0960,DBMS,86
S0961,Mathematics,76
S0961,English,45
S0961,Science,95
S0961,Computer Science,92
S0961,DBMS,76
S0962,Mathematics,86
S0962,English,43
S0962,Science,99
S0962,Computer Science,38
S0962,DBMS,54
S0963,Mathematics,55
S0963,English,65
S0963,Science,43
S0963,Computer Science,76
S0963,DBMS,47
S0964,Mathematics,83
S0964,English,61
S0964,Science,82
S0964,Computer Science,67
S0964,DBMS,83
S0965,Mathematics,54
S0965,English,41
S0965,Science,54
S0965,Computer Science,43
S0965,DBMS,75
S0966,Mathematics,45
S0966,English,74
S0966,Science,57
S0966,Computer Science,48
S0966,DBMS,74
S0967,Mathematics,68
S0967,English,95
S0967,Science,67
S0967,Computer Science,46
S0967,DBMS,79
S0968,Mathematics,86
S0968,English,94
S0968,Science,16
S0968,Computer Science,15
S0968,DBMS,100
S0969,Mathematics,68
S0969,English,85
S0969,Science,65
S0969,Computer Science,46
S0969,DBMS,86
S0970,Mathematics,43
S0970,English,91
S0970,Science,88
S0970,Computer Science,97
S0970,DBMS,46
S0971,Mathematics,73
S0971,English,100
S0971,Science,69
S0971,Computer Science,76
S0971,DBMS,91
S0972,Mathematics,94
S0972,English,52
S0972,Science,79
S0972,Computer Science,75
S0972,DBMS,80
S0973,Mathematics,89
S0973,English,100
S0973,Science,40
S0973,Computer Science,87
S0973,DBMS,75
S0974,Mathematics,57
S0974,English,52
S0974,Science,86
S0974,Computer Science,88
S0974,DBMS,76
S0975,Mathematics,49
S0975,English,92
S0975,Science,94
S0975,Computer Science,44
S0975,DBMS,82
S0976,Mathematics,37
S0976,English,55
S0976,Science,78
S0976,Computer Science,64
S0976,DBMS,76
S0977,Mathematics,45
S0977,English,43
S0977,Science,59
S0977,Computer Science,64
S0977,DBMS,69
S0978,Mathematics,45
S0978,English,62
S0978,Science,85
S0978,Computer Science,74
S0978,DBMS,70
S0979,Mathematics,73
S0979,English,72
S0979,Science,43
S0979,Computer Science,86
S0979,DBMS,81
S0980,Mathematics,40
S0980,English,81
S0980,Science,86
S0980,Computer Science,76
S0980,DBMS,48
S0981,Mathematics,64
S0981,English,76
S0981,Science,70
S0981,Computer Science,82
S0981,DBMS,84
S0982,Mathematics,74
S0982,English,79
S0982,Science,41
S0982,Computer Science,98
S0982,DBMS,15
S0983,Mathematics,39
S0983,English,91
S0983,Science,42
S0983,Computer Science,62
S0983,DBMS,48
S0984,Mathematics,76
S0984,English,77
S0984,Science,98
S0984,Computer Science,51
S0984,DBMS,92
S0985,Mathematics,38
S0985,English,60
S0985,Science,92
S0985,Computer Science,82
S0985,DBMS,37
S0986,Mathematics,47
S0986,English,54
S0986,Science,64
S0986,Computer Science,89
S0986,DBMS,58
S0987,Mathematics,84
S0987,English,59
S0987,Science,80
S0987,Computer Science,79
S0987,DBMS,77
S0988,Mathematics,46
S0988,English,51
S0988,Science,81
S0988,Computer Science,77
S0988,DBMS,47
S0989,Mathematics,98
S0989,English,53
S0989,Science,55
S0989,Computer Science,98
S0989,DBMS,56
S0990,Mathematics,67
S0990,English,40
S0990,Science,89
S0990,Computer Science,48
S0990,DBMS,73
S0991,Mathematics,76
S0991,English,53
S0991,Science,51
S0991,Computer Science,78
S0991,DBMS,74
S0992,Mathematics,74
S0992,English,16
S0992,Science,94
S0992,Computer Science,43
S0992,DBMS,97
S0993,Mathematics,73
S0993,English,54
S0993,Science,66
S0993,Computer Science,53
S0993,DBMS,77
S0994,Mathematics,64
S0994,English,60
S0994,Science,99
S0994,Computer Science,42
S0994,DBMS,15
S0995,Mathematics,92
S0995,English,70
S0995,Science,39
S0995,Computer Science,43
S0995,DBMS,51
S0996,Mathematics,58
S0996,English,60
S0996,Science,50
S0996,Computer Science,68
S0996,DBMS,49
S0997,Mathematics,51
S0997,English,40
S0997,Science,59
S0997,Computer Science,50
S0997,DBMS,60
S0998,Mathematics,73
S0998,English,47
S0998,Science,44
S0998,Computer Science,37
S0998,DBMS,50
S0999,Mathematics,78
S0999,English,79
S0999,Science,90
S0999,Computer Science,73
S0999,DBMS,73
S1000,Mathematics,66
S1000,English,95
S1000,Science,90
S1000,Computer Science,98
S1000,DBMS,76
