student_id,name,gender,branch,year,attendance
S0001,Jai Sant,Female,CSE,1,61
S0002,Shivansh Bhatti,Female,ECE,4,71
S0003,Ranveer Bhatt,Female,ECE,2,100
S0004,Yachana Rajan,Female,ECE,3,93
S0005,Amruta Mital,Female,IT,2,81
S0006,Rushil Grewal,Female,CSE,4,87
S0007,Eshana Chawla,Male,CSE,4,81
S0008,Maanav Mangal,Female,ME,2,84
S0009,Ranveer Barad,Male,CSE,3,67
S0010,Diya Bhargava,Male,CSE,2,72
S0011,Aashi Pai,Female,CSE,4,97
S0012,Yashasvi Gaba,Female,ME,4,100
S0013,Tamanna Sankaran,Female,IT,2,86
S0014,Ekaraj Barad,Male,ECE,3,84
S0015,Guneet Kata,Male,ECE,3,73
S0016,Neelima Srinivas,Female,CSE,4,79
S0017,Ishanvi Sami,Male,IT,4,74
S0018,Chandran Modi,Female,ECE,4,99
S0019,Ekbal Brar,Female,CSE,1,79
S0020,Gaurika Anand,Female,IT,4,88
S0021,Yashvi Minhas,Male,CSE,4,94
S0022,Chanakya Brahmbhatt,Male,CE,3,64
S0023,Dhruv Saran,Female,IT,1,69
S0024,Ishaan Mander,Male,ECE,1,64
S0025,Zehaan Jha,Male,CSE,2,61
S0026,Kamala Misra,Female,CE,3,88
S0027,Bina Khanna,Male,CE,1,70
S0028,Upasna Sama,Male,CSE,3,72
S0029,Gunbir Chanda,Female,IT,2,90
S0030,Rachita Kakar,Male,CE,4,81
S0031,Umang Sarna,Female,IT,1,90
S0032,Chaman Dugar,Male,IT,2,70
S0033,Abhiram Dube,Male,CSE,4,60
S0034,Yutika Chahal,Male,IT,2,68
S0035,Dhriti Ahluwalia,Female,CSE,2,73
S0036,Onkar Kala,Female,IT,3,68
S0037,Sai Issac,Female,IT,1,89
S0038,Zayan Varghese,Male,CSE,1,61
S0039,Ojasvi Sen,Female,ECE,1,64
S0040,Watika Gopal,Female,ME,4,80
S0041,Saanvi Gill,Male,IT,2,63
S0042,Upasna Sant,Male,IT,3,95
S0043,Yagnesh Balan,Male,IT,4,72
S0044,Eshana Choudhry,Female,ECE,3,100
S0045,Ranbir Subramanian,Female,ECE,1,71
S0046,Chaitanya Badal,Male,IT,2,87
S0047,Manbir Dixit,Female,ECE,4,92
S0048,Ganga Tella,Female,ECE,1,94
S0049,Anamika Kaur,Male,IT,4,97
S0050,Anika Bora,Female,IT,1,83
S0051,Damyanti Basak,Male,CSE,1,61
S0052,Ryan Dey,Male,ME,4,69
S0053,Vinaya Sachdeva,Female,IT,1,67
S0054,Peter Dass,Male,ME,3,83
S0055,Onveer Kothari,Female,CSE,2,87
S0056,Yoshita Wagle,Male,IT,4,73
S0057,Samarth Chadha,Male,IT,2,63
S0058,Patrick Bassi,Male,IT,3,78
S0059,Utkarsh Pant,Male,IT,3,94
S0060,Inaya Kata,Male,ECE,2,87
S0061,Darpan Ahluwalia,Male,ECE,3,85
S0062,Wishi Kala,Female,ECE,4,92
S0063,Tanish Dora,Female,ME,1,77
S0064,Gagan Nagi,Female,ECE,4,78
S0065,Harita Nayak,Male,CSE,2,68
S0066,Tarak Dayal,Female,IT,1,64
S0067,Chakrika Ben,Female,ME,4,98
S0068,Frado Kadakia,Female,ECE,4,68
S0069,Damyanti Gara,Female,IT,2,87
S0070,Logan Shetty,Female,CE,3,73
S0071,Xiti Pandey,Male,IT,4,82
S0072,Urvashi Sant,Female,CSE,4,70
S0073,Naveen Sandhu,Male,CSE,2,95
S0074,Yoshita Saini,Male,CE,2,90
S0075,Lopa Dar,Female,IT,1,92
S0076,Dhruv Narula,Male,ECE,3,88
S0077,Baljiwan Som,Female,IT,1,91
S0078,Onkar Murty,Female,CE,3,90
S0079,Charan Kannan,Female,CSE,4,70
S0080,Suhani Babu,Female,CSE,3,81
S0081,Jasmit Shah,Male,IT,1,72
S0082,Sneha Datta,Female,CSE,4,89
S0083,Zayyan Mohanty,Male,CSE,2,77
S0084,Nisha Minhas,Male,ME,2,99
S0085,Quincy Wali,Male,CE,1,93
S0086,Divya Bera,Female,CSE,1,66
S0087,Jonathan Ravel,Female,ECE,1,89
S0088,Yachana Master,Male,CE,3,89
S0089,Meera Pall,Female,ECE,1,67
S0090,Yashodhara Srivastava,Female,CSE,3,92
S0091,Gunbir Tara,Male,IT,4,81
S0092,Krishna Subramaniam,Male,ECE,2,60
S0093,Nathan Bera,Female,IT,1,86
S0094,Om Mukherjee,Male,ECE,1,65
S0095,Rushil Bobal,Female,ME,4,62
S0096,Manthan Chakraborty,Female,ME,4,80
S0097,Robert Vasa,Male,ECE,4,63
S0098,Azad Sethi,Female,CE,1,61
S0099,Hredhaan Tara,Male,IT,3,62
S0100,Naveen Master,Female,CSE,3,79
S0101,Aarini Sunder,Female,CE,1,71
S0102,Saumya Ravi,Male,CSE,2,89
S0103,Eshana Chana,Female,ECE,1,98
S0104,Amol Uppal,Male,CSE,1,91
S0105,Chaitanya Karan,Female,CSE,2,90
S0106,Ishwar Bahri,Female,CSE,1,97
S0107,Gaurang Nath,Male,IT,2,61
S0108,Jagat Shroff,Female,ME,1,97
S0109,Bachittar Kashyap,Male,ME,4,77
S0110,Bahadurjit Nadkarni,Male,CSE,4,83
S0111,Darsh Pillay,Female,CSE,3,87
S0112,Maya Khatri,Male,CE,4,72
S0113,Sai Dara,Male,IT,1,73
S0114,Omkaar Mammen,Male,IT,1,73
S0115,Panini Sabharwal,Male,ECE,3,90
S0116,Chandani Chacko,Male,IT,3,62
S0117,Xiti Dugal,Female,CSE,1,74
S0118,Balvan Khurana,Female,IT,1,97
S0119,Yashica Andra,Male,ECE,3,87
S0120,Yochana Gandhi,Female,ME,4,87
S0121,Pushti Comar,Female,IT,3,60
S0122,Arunima Soman,Male,CSE,1,61
S0123,Abhimanyu Chowdhury,Female,IT,2,78
S0124,Balveer Balasubramanian,Female,CSE,4,61
S0125,Ayushman Doshi,Male,CSE,1,70
S0126,Saumya Sankaran,Male,ME,3,81
S0127,Amaira Barman,Male,IT,3,95
S0128,Sai Narang,Male,CSE,4,95
S0129,Qasim Halder,Female,ECE,4,81
S0130,Girik Vora,Female,ECE,1,69
S0131,Nikita Sura,Female,CSE,1,84
S0132,Waida Parikh,Female,ME,2,85
S0133,Anthony Rattan,Female,CSE,1,83
S0134,Pranit Rao,Male,CE,2,74
S0135,Rehaan Pandya,Male,CE,3,72
S0136,Onkar Parekh,Female,ME,4,94
S0137,Zaid Divan,Male,IT,2,75
S0138,Vrishti Pant,Female,ME,4,100
S0139,Avi Madan,Male,CSE,1,72
S0140,Tristan Parekh,Male,ECE,4,65
S0141,Andrew Pingle,Female,IT,1,76
S0142,Ekalinga Bobal,Male,IT,4,78
S0143,Abhimanyu Raja,Female,CSE,3,79
S0144,Madhav Khanna,Male,CE,4,95
S0145,Sai Dube,Male,IT,3,87
S0146,Neelima Sharaf,Female,CSE,4,67
S0147,Garima Nori,Female,ECE,4,75
S0148,Ekaja Kurian,Male,CE,4,87
S0149,Fitan Hari,Female,ME,3,99
S0150,Veda Minhas,Male,CSE,3,82
S0151,Owen Kant,Female,ME,3,72
S0152,Ekiya Verma,Male,CE,1,64
S0153,Saumya Kota,Male,IT,4,90
S0154,Lucky Wason,Female,CE,3,90
S0155,Lila Suri,Male,IT,2,88
S0156,Eiravati Sawhney,Male,CE,1,63
S0157,Prisha Borah,Male,ECE,1,88
S0158,Niharika Natt,Female,IT,3,71
S0159,Vamakshi Soni,Male,CSE,2,75
S0160,Laban Swamy,Male,CSE,2,88
S0161,Reva Kumer,Female,ECE,2,74
S0162,Ishanvi Saraf,Female,CSE,1,65
S0163,Abeer Walia,Male,IT,1,71
S0164,Anya Arya,Male,CSE,4,70
S0165,Ganga Pau,Female,CSE,2,81
S0166,Janya Gade,Female,CSE,3,86
S0167,Baljiwan Tata,Female,CSE,3,94
S0168,Ansh Chanda,Male,CE,4,62
S0169,Abhiram Tandon,Male,ECE,1,91
S0170,Rachit Warrior,Male,IT,2,98
S0171,Rayaan Prabhakar,Male,ME,1,74
S0172,Samaksh Manda,Male,IT,4,81
S0173,Liam Raja,Male,CSE,1,64
S0174,Eta Vala,Male,IT,4,71
S0175,Omaja Varughese,Female,IT,1,83
S0176,Aradhana Rao,Female,CSE,4,93
S0177,Chandani Tailor,Male,ME,4,98
S0178,Jack Modi,Male,CSE,1,70
S0179,Chasmum Anand,Female,IT,1,65
S0180,Kevin Bera,Male,CSE,1,60
S0181,Aditya Soman,Male,ME,1,98
S0182,Kabir Dhillon,Female,ME,3,62
S0183,Yatan Mallick,Female,CE,2,86
S0184,Pavani Savant,Female,ECE,1,70
S0185,Dev Wadhwa,Female,CSE,1,66
S0186,Laksh Kant,Male,ECE,4,63
S0187,Timothy Keer,Male,IT,3,71
S0188,Adya Ray,Male,CSE,2,63
S0189,Unni Zachariah,Male,IT,4,73
S0190,Jacob Suresh,Female,ECE,3,74
S0191,Pranav Menon,Female,IT,4,65
S0192,Kritika Mitter,Male,IT,3,67
S0193,Neha Biswas,Male,CSE,3,82
S0194,Sanya Sangha,Male,ME,4,77
S0195,Udant Gandhi,Male,CSE,3,71
S0196,Vrinda Contractor,Female,ME,4,97
S0197,Chatresh Natarajan,Male,IT,3,65
S0198,Pranit Dhar,Female,CSE,4,80
S0199,Aashi Trivedi,Male,CSE,1,83
S0200,Chatura Bhatnagar,Male,CSE,4,82
S0201,Triya Dhillon,Female,ECE,1,71
S0202,Nisha Sanghvi,Male,ME,3,94
S0203,Udarsh Ahluwalia,Female,CSE,1,97
S0204,Urmi Wadhwa,Female,IT,4,73
S0205,Yashoda Jhaveri,Female,ECE,4,90
S0206,Suhani Bassi,Male,CSE,2,88
S0207,Henry Bala,Female,ME,2,85
S0208,Vrishti Shenoy,Male,ME,3,81
S0209,Anvi Balay,Male,ME,2,65
S0210,Upkaar Gara,Female,IT,2,65
S0211,Bachittar Biswas,Male,CE,4,61
S0212,Harish Rama,Male,CE,1,96
S0213,Garima Misra,Female,CE,1,68
S0214,Nitesh Chaudhari,Male,CSE,1,79
S0215,Suhani Sankaran,Female,ME,1,70
S0216,Balveer Mahajan,Female,CSE,1,71
S0217,Vedant Apte,Female,CSE,3,67
S0218,Chandran Pathak,Male,CSE,4,89
S0219,Kabir Sankaran,Male,ECE,2,86
S0220,Yashodhara Bajwa,Female,ECE,2,65
S0221,Vrishti Rajagopal,Male,IT,3,64
S0222,Zansi Loke,Male,CSE,4,71
S0223,Qarin Venkataraman,Male,IT,3,87
S0224,Devansh Bassi,Female,CSE,2,95
S0225,Aahana Mody,Male,IT,1,62
S0226,Kiaan Pall,Male,CE,2,79
S0227,Victor Gandhi,Female,CSE,3,96
S0228,Ridhi Dara,Female,ECE,2,92
S0229,Omaja Kara,Female,CSE,4,61
S0230,Alexander Iyengar,Male,ECE,4,95
S0231,Chaaya Pathak,Male,ME,4,91
S0232,Neel Gara,Male,ME,3,84
S0233,Isaiah Savant,Female,CSE,3,92
S0234,Zayyan Baral,Female,CSE,3,100
S0235,Ekansh Kannan,Female,CSE,2,60
S0236,Lopa Pall,Female,IT,4,90
S0237,Gaurang Baria,Male,IT,3,86
S0238,Timothy Sami,Female,CSE,2,100
S0239,Oeshi Devi,Male,CSE,1,80
S0240,Ladli Mody,Male,IT,2,84
S0241,Vasudha Padmanabhan,Female,CSE,1,64
S0242,Meghana Bains,Female,CSE,4,96
S0243,Vritti Yadav,Female,ECE,2,61
S0244,Gaurang Bajaj,Male,ECE,2,91
S0245,Siddharth Saraf,Female,ECE,2,70
S0246,Janani Rege,Male,IT,1,65
S0247,Ira Barad,Male,CSE,2,68
S0248,Darpan Sood,Female,CE,3,64
S0249,Jackson Gaba,Female,CSE,3,90
S0250,Megha Morar,Female,ECE,2,97
S0251,Qushi Munshi,Male,IT,4,85
S0252,Nimrat Tandon,Male,ECE,1,81
S0253,Rachit Mani,Male,ME,1,83
S0254,Kala Raju,Female,ME,4,92
S0255,Ladli Bajaj,Female,ECE,3,71
S0256,Rudra Sachar,Female,CSE,3,97
S0257,Tristan Baral,Female,ECE,3,98
S0258,Benjamin Divan,Female,ME,4,81
S0259,Gavin Sen,Female,IT,3,72
S0260,Sneha Keer,Female,CSE,2,95
S0261,Vinaya Wali,Male,ECE,1,61
S0262,Samesh Prasad,Male,CSE,4,98
S0263,Shravya Basu,Male,ECE,3,90
S0264,Ubika Sem,Male,IT,2,75
S0265,Sara Mody,Male,CSE,3,95
S0266,Vasana Sharaf,Male,ECE,3,72
S0267,Hitesh Guha,Male,CSE,2,88
S0268,Karan Master,Female,CE,4,93
S0269,Vedika Soman,Female,ME,1,70
S0270,Kamya Vora,Female,ECE,3,80
S0271,Teerth Manne,Female,ME,3,85
S0272,Qadim Som,Male,CE,4,81
S0273,Thomas Shankar,Male,IT,2,85
S0274,Wriddhish Pingle,Male,CSE,3,82
S0275,Krish Konda,Female,IT,3,68
S0276,Aarna Kara,Male,CE,4,71
S0277,Champak Manne,Female,CSE,1,63
S0278,Ayushman Kibe,Female,CSE,1,83
S0279,Ikshita Jaggi,Female,CE,1,61
S0280,Jagdish Ravel,Male,IT,2,64
S0281,Janaki More,Female,ECE,1,62
S0282,Unni Mangal,Male,CE,1,97
S0283,Kalpit Dasgupta,Male,ME,2,98
S0284,Saanvi Dani,Female,IT,1,69
S0285,Daksh Kothari,Male,ME,2,80
S0286,Avi Mutti,Female,ECE,3,78
S0287,Elijah Roy,Female,CSE,1,64
S0288,Yagnesh Nadig,Male,CSE,1,99
S0289,Dayita Chand,Female,ECE,2,86
S0290,Yashodhara Goel,Male,ME,4,83
S0291,Wishi Solanki,Male,CSE,4,70
S0292,Ekalinga Sarma,Female,IT,3,69
S0293,Chaitanya Balan,Male,ECE,2,67
S0294,Chanakya Dutt,Female,CSE,2,81
S0295,Rajeshri Lal,Female,CSE,4,68
S0296,Parth Suresh,Female,IT,2,74
S0297,Wazir Balay,Female,CSE,1,66
S0298,Panini Krishna,Male,ECE,2,94
S0299,Damini Nair,Male,ME,4,88
S0300,Advaith Khare,Male,IT,2,74
S0301,Sneha Brahmbhatt,Female,ME,1,88
S0302,Amaira Shere,Female,CSE,2,63
S0303,Neha Dey,Female,CE,1,100
S0304,Imaran Morar,Female,CSE,3,92
S0305,Qasim Agarwal,Female,ECE,1,75
S0306,Warjas Korpal,Male,CSE,1,71
S0307,Siya Narang,Male,CSE,2,67
S0308,Manbir Lall,Male,IT,4,100
S0309,Janani Seth,Male,CE,1,86
S0310,Victor Chakraborty,Female,ME,3,82
S0311,Charvi Sarkar,Male,ECE,1,67
S0312,Chaaya Rajan,Female,ECE,3,78
S0313,Megha Bal,Male,ECE,3,71
S0314,Ranveer Bhakta,Female,ECE,2,92
S0315,Zehaan Yohannan,Male,IT,4,60
S0316,Pallavi Maharaj,Female,CSE,4,99
S0317,Tanay Sant,Female,ECE,3,94
S0318,Dev Baria,Male,ECE,4,78
S0319,Praneel Issac,Male,IT,3,83
S0320,Pranit Dayal,Female,CSE,2,80
S0321,Ayush Dube,Male,ME,4,98
S0322,Priya Bora,Female,CSE,1,91
S0323,Siddharth Prabhakar,Female,IT,4,74
S0324,Vamakshi Dora,Male,IT,1,84
S0325,Wazir Walia,Female,ME,4,80
S0326,Frederick De,Male,ME,1,68
S0327,Triveni Gala,Male,IT,4,96
S0328,Dayita Savant,Female,CSE,1,66
S0329,Harshil Kaul,Female,ECE,2,89
S0330,Damyanti Hari,Male,IT,4,68
S0331,Veer Dash,Male,IT,4,78
S0332,Jagvi Rege,Female,CE,3,78
S0333,Wakeeta Tata,Male,CSE,2,85
S0334,Anya Agarwal,Male,IT,2,99
S0335,Ryan Sidhu,Male,CSE,2,79
S0336,Sachi Rajagopalan,Male,CE,3,81
S0337,Mekhala Chaudhry,Female,ME,4,71
S0338,Yashoda Vyas,Female,ECE,2,74
S0339,Madhav Joshi,Male,IT,3,94
S0340,Amol Krishna,Male,CSE,2,97
S0341,Libni Oommen,Male,CSE,3,64
S0342,Chaman Vig,Female,ME,4,94
S0343,Aarush Sastry,Female,IT,2,70
S0344,Lila Rout,Male,CSE,1,66
S0345,Omaja Bhandari,Male,CSE,4,74
S0346,Bhavini Borde,Female,IT,4,91
S0347,Rachita Chander,Female,IT,2,99
S0348,Arin Mangal,Female,CE,4,72
S0349,Mohammed Mannan,Female,CSE,4,80
S0350,Shravya Shukla,Male,ECE,2,82
S0351,Fitan Prabhu,Male,CE,4,80
S0352,Theodore Dora,Male,ME,2,96
S0353,Hemal Chana,Female,IT,3,96
S0354,Dalbir Issac,Female,CE,2,100
S0355,Fariq Malhotra,Female,ME,4,66
S0356,Bhavna Malhotra,Male,ME,4,70
S0357,Madhav Das,Male,ECE,1,80
S0358,Dominic Madan,Male,ME,1,64
S0359,Tanay Buch,Male,ME,2,74
S0360,Sanaya Issac,Male,ECE,2,60
S0361,Bachittar Sanghvi,Female,IT,2,100
S0362,Kai Sule,Female,IT,3,96
S0363,Anamika Kalla,Female,ME,2,93
S0364,Hiral Joshi,Male,CSE,3,79
S0365,Wazir Bera,Female,ME,4,93
S0366,Jhalak Bhatt,Female,ECE,2,74
S0367,Arin Vasa,Male,IT,4,90
S0368,Harini Gandhi,Male,IT,1,87
S0369,Simon Gulati,Male,CE,2,86
S0370,Chanakya Pandit,Female,ECE,1,83
S0371,Ranbir Viswanathan,Male,ME,2,95
S0372,Mohammed Memon,Male,CSE,1,90
S0373,Tristan Sem,Male,CSE,4,71
S0374,Wishi Sachdeva,Male,ECE,1,92
S0375,Benjamin Sane,Female,CSE,4,80
S0376,Nandini Borah,Male,IT,2,87
S0377,Nitesh Bajwa,Female,CSE,4,67
S0378,Edhitha Apte,Female,ME,1,86
S0379,Mahika Sastry,Male,ECE,3,87
S0380,Farhan Sani,Female,CE,1,62
S0381,Dhriti Dada,Female,IT,4,68
S0382,Lakshmi Hayre,Male,CSE,4,89
S0383,Vasatika Shanker,Male,CSE,4,60
S0384,Theodore Kakar,Female,CSE,2,79
S0385,Amrita Comar,Male,ECE,4,92
S0386,Bhavani Dara,Male,CE,2,97
S0387,Raksha Gole,Female,CSE,4,67
S0388,Chanakya Goel,Female,CSE,4,100
S0389,Ria Murty,Male,ECE,3,60
S0390,Janya Deep,Female,CSE,2,65
S0391,Nachiket Nayar,Male,IT,2,95
S0392,Chandresh Prakash,Female,ME,3,75
S0393,Chandresh Varty,Male,ECE,1,64
S0394,Teerth Nath,Male,ME,1,87
S0395,Benjamin Khalsa,Male,CSE,4,64
S0396,Dakshesh Chakraborty,Male,CSE,4,84
S0397,Jagvi Krish,Male,IT,2,88
S0398,Adweta Goswami,Female,CSE,2,66
S0399,Shaurya Golla,Female,ME,1,86
S0400,Nidhi Venkatesh,Male,CE,3,77
S0401,Darpan Mand,Female,IT,3,86
S0402,Jeremiah Kapoor,Female,ME,1,71
S0403,Alexander Gill,Female,IT,4,76
S0404,Eiravati Bava,Female,IT,1,63
S0405,Shivansh Karan,Male,CSE,1,63
S0406,Reyansh Pradhan,Female,ECE,2,72
S0407,Maanav Chander,Female,CSE,1,93
S0408,Varenya Gulati,Female,ECE,1,74
S0409,Nathaniel Badal,Female,IT,4,65
S0410,Anamika Magar,Male,CSE,4,100
S0411,Chandresh Bassi,Male,CSE,2,94
S0412,Laksh Kakar,Male,CSE,2,94
S0413,Darpan Sampath,Male,CE,4,86
S0414,Ekapad Korpal,Female,IT,3,73
S0415,Baghyawati Kar,Male,IT,3,79
S0416,Amol Lad,Male,ME,4,85
S0417,Keya Srinivas,Female,ME,2,83
S0418,George Swaminathan,Male,IT,3,98
S0419,Anusha Lall,Male,IT,2,83
S0420,Yadavi Hayre,Female,CSE,3,67
S0421,Lekha Bahl,Male,CE,1,65
S0422,Abdul Cherian,Male,IT,4,82
S0423,Noah Ganesan,Female,CSE,2,92
S0424,Shravya Kumer,Male,IT,3,75
S0425,Avi Venkataraman,Female,CSE,1,74
S0426,Warda Grewal,Female,CSE,4,80
S0427,Udant Chakrabarti,Female,CSE,3,89
S0428,Kiaan Nair,Female,ECE,1,85
S0429,Yuvraj Gupta,Female,ECE,4,84
S0430,Nidhi Ramaswamy,Male,IT,1,88
S0431,Harish Kala,Female,CSE,2,71
S0432,Eiravati Deo,Male,ME,3,93
S0433,Zayyan Butala,Female,CSE,3,68
S0434,Abdul Patil,Female,IT,1,64
S0435,Tanveer Kumar,Female,IT,1,80
S0436,Tarak Sagar,Female,IT,1,80
S0437,Wakeeta Thaker,Female,ME,4,79
S0438,Adweta Sidhu,Female,ECE,2,86
S0439,Faras Parmar,Male,CSE,3,87
S0440,Mekhala Sarkar,Male,CE,4,68
S0441,Devika Gopal,Female,CE,4,71
S0442,George Deep,Male,CSE,4,82
S0443,Eiravati Pillay,Male,IT,2,60
S0444,Girik Parekh,Male,ECE,3,85
S0445,Joshua Oza,Female,ECE,4,74
S0446,Jack Murty,Female,IT,1,83
S0447,Zayyan Ghose,Male,CSE,4,100
S0448,Alexander Sarraf,Male,CSE,1,60
S0449,Nikita Sama,Female,ME,1,100
S0450,Geetika Bassi,Female,IT,4,64
S0451,Ekaraj Murty,Female,ECE,1,88
S0452,Falak Lall,Male,ME,3,84
S0453,Aishani De,Male,CE,1,92
S0454,Oscar Johal,Male,CSE,2,62
S0455,Gauri Prasad,Female,ECE,2,77
S0456,Lucky Dass,Female,CSE,4,91
S0457,Upasna Sant,Male,IT,4,94
S0458,Rachana Chhabra,Male,IT,3,83
S0459,Chanakya Sarin,Female,IT,1,91
S0460,Yamini Rajan,Female,CSE,4,63
S0461,Joshua Batra,Male,IT,2,69
S0462,Kabir Deshmukh,Female,CSE,2,81
S0463,Maya Nayar,Male,IT,2,76
S0464,Finn Chacko,Female,CSE,4,97
S0465,Owen Kar,Male,CSE,1,92
S0466,Faqid Sunder,Male,CSE,3,100
S0467,Yutika Sharaf,Male,CSE,2,83
S0468,Anthony Golla,Female,ECE,1,78
S0469,Eesha Dass,Male,IT,2,93
S0470,Girik Sinha,Male,CSE,1,94
S0471,Azaan Sidhu,Female,ME,4,69
S0472,Arjun Mital,Female,ECE,4,82
S0473,Rachit Toor,Female,CE,1,81
S0474,Jalsa Bhalla,Male,CSE,1,93
S0475,Abdul Merchant,Female,IT,4,64
S0476,Frederick Pal,Male,ECE,1,91
S0477,Anay Goswami,Female,ECE,1,92
S0478,Saanvi Chandran,Female,ME,3,87
S0479,Veer Pradhan,Male,ME,2,60
S0480,Leena Kamdar,Male,CSE,3,84
S0481,Megha Nadkarni,Female,ME,1,94
S0482,Arunima Gour,Female,CSE,1,84
S0483,Balhaar Gopal,Female,ME,3,95
S0484,Chanchal Bala,Male,IT,2,89
S0485,Anita Patla,Female,CSE,1,64
S0486,Xiti Kapoor,Male,ME,4,80
S0487,Bachittar Kari,Male,CSE,1,62
S0488,Irya Sridhar,Female,ECE,3,95
S0489,Barkha Khosla,Female,IT,4,84
S0490,Vasana Bora,Female,ME,4,94
S0491,Theodore Gandhi,Male,IT,3,100
S0492,Lakshmi Krish,Male,ECE,1,98
S0493,Anvi Chakraborty,Female,CSE,2,67
S0494,Samaksh Hayre,Male,IT,4,80
S0495,Tristan Sastry,Female,ECE,2,65
S0496,Bhavini Ratta,Female,IT,1,81
S0497,Imaran Rastogi,Male,ECE,2,67
S0498,Liam Sekhon,Male,IT,4,93
S0499,Urishilla Boase,Female,ECE,2,75
S0500,Bhavani Subramanian,Male,ME,3,94
S0501,Nirja Subramanian,Male,ECE,3,100
S0502,Lohit Madan,Male,IT,2,95
S0503,Imaran Zachariah,Male,ECE,4,75
S0504,Krishna Balakrishnan,Male,IT,1,61
S0505,Anjali Dhillon,Female,CSE,2,88
S0506,Ekbal Suri,Female,ME,2,64
S0507,Vasana Prabhakar,Male,CSE,1,85
S0508,Baghyawati Agrawal,Male,CSE,3,97
S0509,Nihal Hegde,Female,IT,1,78
S0510,Nicholas Loyal,Male,IT,2,85
S0511,Falak Hayre,Male,IT,3,88
S0512,Azad Parsa,Male,ME,4,89
S0513,Brinda Sagar,Female,ECE,1,87
S0514,Ekapad Dalal,Male,CSE,1,89
S0515,Ayaan Cheema,Male,CSE,2,84
S0516,Matthew Bava,Female,ME,2,94
S0517,Dhruv Mahajan,Female,ECE,4,67
S0518,Mohini Bhagat,Male,ME,4,86
S0519,Urvashi Sandal,Male,IT,1,95
S0520,Yutika Goel,Female,ECE,3,89
S0521,Geetika Loke,Female,IT,2,97
S0522,Omkaar Bumb,Male,CSE,4,74
S0523,Lajita Nanda,Male,CE,2,88
S0524,Urvi Korpal,Male,ECE,2,69
S0525,Tejas Shetty,Female,CSE,3,92
S0526,Kritika Kalla,Female,IT,4,76
S0527,Atharv Choudhury,Female,CSE,1,93
S0528,Pratyush Badal,Female,IT,2,67
S0529,Rishi Thaker,Female,IT,3,90
S0530,Zayan Balakrishnan,Female,ECE,2,100
S0531,Chaman Pathak,Male,ECE,3,60
S0532,Falak Sathe,Female,CSE,1,76
S0533,Janaki Salvi,Male,CSE,1,91
S0534,Hema Wable,Female,CSE,3,79
S0535,Harini Shukla,Male,CSE,4,96
S0536,Advik Jha,Male,ME,3,93
S0537,Harini Sodhi,Female,ECE,4,92
S0538,Rehaan Chandra,Female,CSE,4,61
S0539,Jacob Bath,Male,CSE,4,82
S0540,Azad Sarna,Male,CSE,2,75
S0541,Vidhi Om,Female,ECE,4,97
S0542,Jason Shukla,Female,ECE,2,85
S0543,Dev Nagy,Male,CE,3,63
S0544,Bhavna Bassi,Male,CSE,3,76
S0545,Isha Nagy,Female,CE,3,73
S0546,Tanay Lala,Male,CE,1,68
S0547,Maya Aurora,Female,CSE,4,68
S0548,Ayush Deol,Female,CSE,3,61
S0549,Anthony Garde,Female,CE,3,74
S0550,Bimala Dutta,Male,CSE,3,62
S0551,Rachit Mishra,Female,CSE,3,86
S0552,Vrinda Bahl,Female,ECE,3,65
S0553,Fitan Luthra,Male,IT,4,98
S0554,Girish Kibe,Male,ME,2,76
S0555,Netra Mody,Male,CSE,1,78
S0556,Chandani Khatri,Female,ECE,3,98
S0557,Vaishnavi Kala,Female,CSE,1,91
S0558,Yash Dani,Female,CSE,2,79
S0559,Omisha Dave,Female,ECE,4,92
S0560,Oliver Nadig,Female,ME,2,86
S0561,Triveni Naidu,Male,CSE,3,65
S0562,Triya Deo,Female,CSE,3,98
S0563,Garima Kakar,Female,ECE,4,78
S0564,Arin Sharaf,Male,ME,4,97
S0565,Yauvani Mangat,Female,CSE,2,68
S0566,Dominic Cheema,Male,ME,3,93
S0567,Gunbir Wali,Male,CSE,3,60
S0568,Tanish Shan,Male,IT,2,63
S0569,Rachita Kamdar,Male,CSE,4,88
S0570,Abhimanyu Merchant,Male,ECE,3,99
S0571,Wridesh Sankaran,Female,CSE,3,62
S0572,Chaaya Grover,Male,IT,2,64
S0573,Nicholas Ramakrishnan,Female,CSE,4,64
S0574,Hitesh Khanna,Male,IT,3,90
S0575,Kamala Radhakrishnan,Female,CSE,3,71
S0576,Aditya Loyal,Male,CSE,2,99
S0577,Gauri Mall,Male,CSE,4,67
S0578,Ekantika Tata,Female,CSE,1,78
S0579,Dipta Hari,Female,ECE,4,68
S0580,Ubika Shah,Female,CSE,3,99
S0581,Yadavi Dixit,Female,ECE,3,60
S0582,Jagdish Majumdar,Female,IT,2,96
S0583,Ekta Madan,Male,ECE,2,65
S0584,Pallavi Narain,Male,ECE,4,86
S0585,Pratyush Saxena,Female,CSE,3,65
S0586,Abdul Pradhan,Female,CSE,1,73
S0587,Harrison Jaggi,Female,ECE,1,65
S0588,Gaurangi Sandhu,Female,IT,2,96
S0589,Aahana Subramanian,Male,CE,1,86
S0590,Darika Aggarwal,Female,ME,1,62
S0591,Vedika Khurana,Male,IT,1,78
S0592,Nathaniel Bhargava,Female,CSE,3,97
S0593,Farhan Tiwari,Female,CSE,1,62
S0594,Chavvi Mishra,Male,ECE,1,76
S0595,Faras Manda,Male,CSE,2,76
S0596,Aashi Taneja,Female,CSE,1,84
S0597,Chandran Lal,Male,ECE,1,99
S0598,Chakradev Kale,Female,IT,1,71
S0599,Ekanta Jayaraman,Male,ECE,2,77
S0600,Krishna Yadav,Male,ECE,1,63
S0601,Janya Koshy,Male,CSE,4,81
S0602,Daksha Gandhi,Male,CSE,1,70
S0603,Manbir Deol,Male,IT,3,77
S0604,Veda Dewan,Male,ECE,1,88
S0605,Nilima Sandal,Female,CSE,3,97
S0606,Avi Kata,Male,IT,1,96
S0607,Fitan Sridhar,Male,CSE,1,65
S0608,Jalsa Ray,Male,CSE,1,82
S0609,Saanvi Cherian,Female,ECE,3,68
S0610,Abha Chokshi,Female,CSE,3,95
S0611,Vyanjana Shetty,Male,ME,2,100
S0612,Zaid D’Alia,Male,CE,1,62
S0613,Luke Gala,Male,CSE,4,99
S0614,Bhanumati Loke,Female,IT,2,92
S0615,Ayush Khanna,Male,ME,3,74
S0616,Omaja Venkatesh,Male,CSE,3,96
S0617,Gaurang Thaker,Female,IT,1,74
S0618,Jeevika Sant,Male,IT,1,66
S0619,Ekantika Kakar,Male,ME,2,63
S0620,Vasudha Deshpande,Male,CE,3,69
S0621,Karan Raval,Female,CSE,4,64
S0622,Abhimanyu Rattan,Male,CE,3,75
S0623,Ekavir Gara,Male,IT,1,77
S0624,Aryan Kale,Female,ECE,1,67
S0625,Kritika Sarkar,Female,ECE,1,86
S0626,Anay Shan,Female,CSE,3,91
S0627,Atharv Dugal,Male,CE,4,78
S0628,Raghav Pillai,Male,CSE,1,80
S0629,Bhavika Sahota,Female,CSE,2,96
S0630,Onveer Warrior,Male,ME,4,92
S0631,Zinal Apte,Female,CSE,1,69
S0632,Lakshit Kapur,Male,ECE,4,88
S0633,Chaman Lata,Female,ECE,2,86
S0634,Udyati Kannan,Male,ME,4,95
S0635,Chameli Kaul,Female,ECE,2,98
S0636,Devansh Vohra,Male,ECE,2,95
S0637,Abha Borra,Male,IT,4,84
S0638,Orinder Sandhu,Female,CSE,4,60
S0639,Pushti Dua,Male,CSE,1,77
S0640,Bishakha Mandal,Female,ECE,2,68
S0641,Yuvraj Sem,Male,ECE,2,65
S0642,Gaurangi Basak,Male,IT,2,73
S0643,Dayita Kannan,Female,ME,3,82
S0644,Wishi Bakshi,Female,ME,1,82
S0645,Pavani Sur,Male,CSE,2,98
S0646,Hardik Sagar,Male,CSE,3,76
S0647,Ayushman D’Alia,Female,ME,2,96
S0648,Upkaar Kalita,Male,ME,4,65
S0649,Avni Saha,Female,CE,3,95
S0650,Shivani Khanna,Female,ME,3,62
S0651,Odika Natarajan,Female,ME,1,72
S0652,Radha Sachar,Male,ME,3,73
S0653,Orinder Puri,Female,CE,3,83
S0654,Ayush Keer,Female,IT,2,84
S0655,Arunima Rege,Male,CSE,3,100
S0656,Hiral Agarwal,Male,ME,3,82
S0657,Chaitaly Gopal,Female,CSE,3,89
S0658,Ucchal Swamy,Female,IT,3,92
S0659,Hitesh Subramanian,Male,CSE,2,94
S0660,Devansh Chatterjee,Female,CSE,1,74
S0661,Eesha Anand,Male,CSE,3,92
S0662,Bishakha Naidu,Female,CSE,4,79
S0663,Nikita Bajaj,Male,ME,4,78
S0664,Sai Dubey,Male,ME,1,85
S0665,Chameli Raghavan,Male,CSE,1,98
S0666,Aahana Chaudhry,Female,CSE,1,83
S0667,Hema Parikh,Male,ME,3,95
S0668,Vedika Raja,Female,IT,4,72
S0669,Aachal Raja,Male,IT,4,84
S0670,Aarna Kara,Female,ECE,4,96
S0671,Lakshmi Mohanty,Male,IT,1,92
S0672,Aishani Varughese,Female,CSE,4,81
S0673,Ranbir Peri,Female,CSE,1,73
S0674,Atharv Buch,Male,IT,2,75
S0675,Meera Kala,Male,CSE,2,87
S0676,Unnati Aurora,Female,IT,3,85
S0677,Champak Din,Male,ECE,1,75
S0678,Peter Kapur,Male,CSE,4,100
S0679,Advik Singhal,Female,CSE,2,87
S0680,Abhiram Bassi,Male,ECE,2,84
S0681,Watika Setty,Male,CSE,2,64
S0682,Sai Rao,Female,ECE,4,83
S0683,Rachit Patla,Female,CSE,2,97
S0684,Reyansh Tailor,Male,IT,3,81
S0685,Aarna Desai,Female,ECE,4,72
S0686,Bachittar Nagarajan,Female,CSE,4,100
S0687,Unni Balan,Male,ECE,1,89
S0688,Jagat Hayer,Female,ECE,4,67
S0689,Abhimanyu Kamdar,Female,IT,4,67
S0690,Oviya Madan,Male,IT,2,66
S0691,Janya Dugar,Female,ECE,3,64
S0692,Qushi Pall,Male,IT,3,91
S0693,Upkaar Golla,Female,CSE,2,65
S0694,Vincent Mani,Male,ECE,1,62
S0695,Nakul Gade,Female,ECE,3,60
S0696,Bhavya Gera,Male,ECE,1,91
S0697,Anjali Tak,Male,IT,1,68
S0698,Aarini Mital,Female,ECE,3,60
S0699,Riya Dhaliwal,Male,IT,3,69
S0700,Indrajit Kumer,Male,CSE,4,96
S0701,Vedhika Bose,Male,CSE,1,77
S0702,Brijesh Soni,Male,CE,2,69
S0703,Saksham Sengupta,Female,ECE,3,87
S0704,Bishakha Karpe,Female,CE,1,92
S0705,Jason Bera,Male,ECE,4,94
S0706,Lakshmi Kara,Male,ECE,4,93
S0707,Udyati Venkatesh,Male,CSE,2,82
S0708,Anjali Parikh,Female,CSE,3,69
S0709,Praneel Chadha,Female,IT,1,80
S0710,Ladli Mody,Female,CSE,1,83
S0711,Tanay Radhakrishnan,Female,CSE,1,83
S0712,Niharika Soni,Male,ECE,3,69
S0713,Tara Gaba,Male,IT,4,81
S0714,Anmol Ramaswamy,Female,CSE,4,96
S0715,Orinder Luthra,Female,IT,1,84
S0716,Chaaya Gopal,Female,CE,4,88
S0717,Xavier Chokshi,Male,IT,4,69
S0718,Manthan Mangat,Female,ME,4,98
S0719,Siya Kamdar,Female,CE,4,90
S0720,Kritika Bassi,Female,CSE,1,86
S0721,Ishanvi Gola,Male,ME,1,74
S0722,Turvi Vala,Male,IT,3,89
S0723,Aarini D’Alia,Male,CSE,3,95
S0724,Dominic Balakrishnan,Male,ECE,2,73
S0725,Bhavya Nath,Male,CSE,2,68
S0726,Bhavya Venkatesh,Male,IT,4,94
S0727,Vedika Bumb,Male,CSE,4,93
S0728,Ayush Sinha,Female,ECE,2,90
S0729,Ijaya Srinivasan,Female,ME,4,83
S0730,Dayita Balakrishnan,Female,IT,2,76
S0731,Advaith Kanda,Male,CSE,4,61
S0732,Hemangini Natt,Female,CSE,2,81
S0733,Edhitha Purohit,Female,ECE,4,88
S0734,Henry Gour,Female,ECE,3,77
S0735,Qadim Shanker,Female,ME,4,65
S0736,Chatura Sunder,Female,IT,4,67
S0737,Vritti Bali,Female,IT,4,73
S0738,Sara Shankar,Male,CE,4,95
S0739,Lajita Chander,Male,CSE,1,68
S0740,Gaurika Verma,Male,ECE,3,96
S0741,Falguni Bhardwaj,Male,ECE,1,60
S0742,Mohammed Yohannan,Female,CSE,2,68
S0743,Kavya Dutta,Male,IT,2,92
S0744,Finn Char,Female,CSE,2,62
S0745,Harish Nigam,Female,ECE,3,68
S0746,Xiti Prabhu,Male,ECE,3,75
S0747,Bakhshi Raj,Female,CSE,2,60
S0748,Shravya Kumer,Male,IT,3,74
S0749,Matthew Subramanian,Female,CSE,2,67
S0750,Triveni Tank,Female,IT,4,83
S0751,Anthony Walia,Female,ME,4,63
S0752,Wriddhish Loke,Female,CSE,3,79
S0753,Gaurav Bhatt,Female,ECE,3,82
S0754,Krishna Gera,Male,ECE,2,88
S0755,Advaith Bhakta,Female,CSE,1,73
S0756,Utkarsh Ramakrishnan,Male,ECE,4,72
S0757,Meghana Basak,Female,ME,4,64
S0758,Zinal Kuruvilla,Female,CSE,2,81
S0759,Bhavani Wali,Male,ECE,2,89
S0760,Luke Baria,Male,CSE,2,88
S0761,Yashodhara Thaman,Male,CSE,1,73
S0762,Arin Char,Male,CE,1,78
S0763,Mahika Gandhi,Female,IT,2,72
S0764,Nathaniel Sachdeva,Male,ECE,3,64
S0765,Abha Rama,Male,CSE,2,86
S0766,Niharika Sarkar,Female,IT,1,73
S0767,Geetika Chokshi,Male,ECE,3,73
S0768,Upadhriti Kara,Male,ME,3,86
S0769,Hamsini Kalla,Male,CSE,1,72
S0770,Xavier Parsa,Female,ECE,1,100
S0771,Vritti Chana,Male,ME,1,99
S0772,George Vala,Female,CSE,1,90
S0773,Parth Shenoy,Female,ECE,4,69
S0774,Ishita Pau,Female,CSE,2,81
S0775,Divya Bera,Male,ECE,1,78
S0776,Ishita Gade,Female,CSE,1,73
S0777,Pahal Mittal,Female,CSE,3,78
S0778,Upkaar Zacharia,Female,IT,4,63
S0779,Zansi Johal,Female,IT,4,95
S0780,Panini Saini,Female,CSE,2,63
S0781,Nathan Rajagopal,Male,ECE,3,91
S0782,Bachittar Bhatnagar,Male,CSE,1,77
S0783,Wazir Kar,Female,CE,1,72
S0784,Warhi Dara,Female,CE,2,99
S0785,Omisha Oommen,Male,CSE,1,61
S0786,Pavani Naidu,Female,CSE,4,72
S0787,Tripti Ramaswamy,Male,CSE,1,91
S0788,Faraj Pandey,Male,IT,1,60
S0789,Umang Bhandari,Female,IT,4,74
S0790,Madhav Patla,Male,CSE,3,93
S0791,Watika Bhagat,Female,ME,1,97
S0792,Ridhi Bakshi,Male,ME,3,83
S0793,Agastya Mammen,Female,CSE,2,85
S0794,Onveer Dass,Female,ECE,4,67
S0795,Shravya Kannan,Female,ME,1,99
S0796,Chameli Dhingra,Female,IT,4,85
S0797,Darsh Kaul,Female,IT,3,93
S0798,Bhavani Vohra,Female,CE,4,70
S0799,Ria Iyer,Female,CSE,1,81
S0800,Anay Sankar,Male,CE,3,66
S0801,Mugdha Nair,Female,ECE,2,61
S0802,Jasmit Dara,Female,CSE,4,63
S0803,Osha Sunder,Female,ECE,4,100
S0804,Ekaja Naik,Male,ME,2,73
S0805,Chaitanya Sane,Male,CSE,3,93
S0806,Gabriel Bail,Male,ECE,4,99
S0807,Darika Wali,Male,ME,2,83
S0808,Arunima Yogi,Female,IT,4,99
S0809,Charles Agarwal,Male,IT,4,80
S0810,Frederick Dora,Female,ECE,2,60
S0811,Vanya Srinivas,Female,ME,1,94
S0812,Veer Rattan,Female,ECE,2,87
S0813,Chandani Naidu,Female,CSE,2,77
S0814,Pushti Sachar,Male,ECE,1,66
S0815,Pushti Vig,Female,IT,3,93
S0816,Warda Dara,Male,CSE,4,87
S0817,Jairaj Sachdev,Male,CE,1,65
S0818,Kai Shankar,Female,CSE,1,60
S0819,Thomas Vyas,Male,CSE,3,87
S0820,Sathvik Ratta,Female,CSE,4,68
S0821,Yash Lanka,Male,CSE,2,87
S0822,Yashoda Apte,Female,ME,4,72
S0823,Damini Apte,Male,ME,1,98
S0824,Vincent Oak,Female,CSE,2,61
S0825,Sarthak Dash,Female,IT,4,86
S0826,Vivaan Basak,Male,CSE,4,82
S0827,Chaaya Lalla,Female,CSE,4,69
S0828,Sarthak Bansal,Female,CSE,4,62
S0829,Urmi Kuruvilla,Female,ME,3,99
S0830,Raksha Chaudry,Male,CE,4,99
S0831,Jonathan Karan,Male,IT,1,92
S0832,Max Keer,Female,ECE,4,66
S0833,George Roy,Female,CSE,2,61
S0834,Abdul Sengupta,Female,IT,2,70
S0835,Eesha Gaba,Male,IT,4,67
S0836,Tristan Chopra,Male,IT,3,83
S0837,Girik Rau,Male,CSE,3,73
S0838,Dayamai Vaidya,Female,CE,2,70
S0839,Ishaan Aggarwal,Male,ME,1,74
S0840,Priya Setty,Male,ME,2,76
S0841,Turvi Lad,Female,IT,2,78
S0842,Rohan Morar,Male,CSE,2,95
S0843,Bimala Gopal,Male,ME,2,87
S0844,Forum Sha,Male,CSE,4,60
S0845,Anmol Shetty,Male,IT,2,96
S0846,Charvi Bal,Male,CE,1,81
S0847,Nandini Bhandari,Female,IT,3,94
S0848,Krisha Hayre,Male,ECE,4,71
S0849,Vinaya Naik,Female,ECE,1,91
S0850,Alka Savant,Male,CSE,4,72
S0851,Ishanvi Vora,Female,IT,3,67
S0852,Ekani Rastogi,Male,CE,2,64
S0853,Aachal Badami,Female,CSE,3,88
S0854,Anusha Andra,Female,ME,4,65
S0855,Ishaan Dada,Male,CSE,1,94
S0856,Aditya Wagle,Male,CSE,1,92
S0857,Chaman Mallick,Female,IT,4,82
S0858,Ria Ram,Male,ECE,2,81
S0859,Chandresh Aggarwal,Male,IT,3,62
S0860,Kamala Khurana,Female,ME,2,65
S0861,Vanya Bala,Female,ECE,3,100
S0862,Max Venkataraman,Male,CSE,3,91
S0863,Balveer Rastogi,Male,ECE,1,68
S0864,Charles Bhardwaj,Female,ECE,4,63
S0865,Chatresh Prakash,Male,ECE,4,77
S0866,Gaurav Saran,Male,ECE,2,81
S0867,Yutika Walla,Female,ECE,2,60
S0868,Ekbal Sundaram,Male,CSE,2,85
S0869,Aadi Patla,Female,IT,3,63
S0870,Eiravati Gade,Female,ME,3,82
S0871,Ekiya Sane,Female,CSE,3,98
S0872,Finn Kunda,Male,CSE,3,85
S0873,Harini Lad,Female,IT,2,73
S0874,Aarnav Memon,Male,ECE,1,83
S0875,Aarnav Pillai,Female,CSE,4,80
S0876,Lavanya Ravi,Male,CSE,3,81
S0877,Hemangini Chakrabarti,Male,CSE,4,78
S0878,Anika Arya,Male,CSE,4,88
S0879,Niharika Nath,Female,CSE,4,100
S0880,Ikshita Magar,Female,IT,1,63
S0881,Azad Pau,Male,ECE,3,66
S0882,Bimala Palan,Male,ME,3,92
S0883,Yashawini Ganguly,Female,ECE,4,73
S0884,Patrick Parmar,Female,CSE,3,88
S0885,Krish Grewal,Female,ECE,2,79
S0886,Zaid Lad,Male,IT,3,80
S0887,Mitesh Naidu,Female,CSE,1,79
S0888,Triveni Sankar,Female,CSE,4,65
S0889,Jyoti Dara,Male,IT,2,76
S0890,Kiaan Krishnan,Male,ME,2,83
S0891,Max Das,Male,CSE,1,65
S0892,Eiravati Jha,Female,CSE,4,74
S0893,Riya Bakshi,Male,CSE,4,72
S0894,Bhavya Khare,Female,ECE,2,89
S0895,Rushil Soman,Male,ME,2,78
S0896,Ekaraj Narula,Male,ME,4,66
S0897,Lakshmi Golla,Female,ECE,1,82
S0898,Jhalak Parsa,Female,CE,1,68
S0899,Lila Korpal,Female,IT,1,68
S0900,Vidhi Kata,Male,CE,3,83
S0901,Turvi Karnik,Female,IT,2,89
S0902,Girik Sant,Male,ME,2,79
S0903,Max Thaman,Male,CE,2,68
S0904,Anthony Raju,Female,CSE,1,87
S0905,Ekta Venkataraman,Female,IT,1,96
S0906,Zaitra Palan,Male,CSE,2,63
S0907,Ishani Bahri,Female,CSE,3,69
S0908,Bakhshi Dara,Male,CSE,1,64
S0909,Ekta Nagi,Female,IT,3,98
S0910,Jackson Choudhary,Female,CSE,3,92
S0911,Reva Grover,Female,CSE,3,96
S0912,Avi Mittal,Female,CSE,3,74
S0913,Fiyaz Boase,Female,ECE,4,61
S0914,Advik Natt,Male,ECE,3,78
S0915,Jai Varughese,Male,CSE,3,83
S0916,Yoshita Mann,Female,IT,2,99
S0917,Meghana Bail,Female,CSE,2,86
S0918,Noah Sant,Male,CSE,4,84
S0919,Hredhaan Sarkar,Male,ECE,2,90
S0920,Ekavir Batra,Male,IT,1,69
S0921,Advika Seth,Female,CSE,3,69
S0922,Ishwar Deo,Male,ECE,1,98
S0923,Ethan Morar,Male,CSE,2,84
S0924,Darpan Upadhyay,Male,CSE,4,68
S0925,Tanveer Babu,Female,ECE,1,73
S0926,Faras Chakrabarti,Male,CSE,2,64
S0927,Vihaan Sunder,Female,ECE,4,76
S0928,Zaitra Date,Female,CSE,2,72
S0929,Madhavi Raghavan,Male,CE,3,70
S0930,Aadhya Chakrabarti,Female,ME,2,63
S0931,Anvi Sengupta,Female,ECE,3,93
S0932,Kala Nazareth,Female,IT,2,92
S0933,Reyansh Khare,Male,CSE,3,74
S0934,Theodore Morar,Female,IT,1,73
S0935,Qarin Agarwal,Female,ECE,1,88
S0936,Diya Talwar,Female,IT,3,88
S0937,Unni Wason,Male,IT,2,61
S0938,Sai Nazareth,Female,CSE,3,90
S0939,Hitesh D’Alia,Female,IT,2,90
S0940,Jagdish Trivedi,Male,CE,1,97
S0941,Liam Narasimhan,Male,CSE,1,63
S0942,Barkha Sengupta,Female,CSE,4,70
S0943,Hardik Apte,Male,IT,2,84
S0944,Arunima Sastry,Male,CSE,1,94
S0945,Daniel Chad,Female,ECE,2,65
S0946,Vamakshi Korpal,Female,IT,4,76
S0947,Jalsa Barad,Female,CE,3,79
S0948,Peter Dugar,Male,CSE,3,62
S0949,Ria Bhargava,Female,IT,1,87
S0950,Jhalak Nayak,Male,CSE,3,90
S0951,Viraj Wadhwa,Female,CSE,4,93
S0952,Faraj Taneja,Male,CSE,1,79
S0953,Luke Basu,Female,CSE,3,63
S0954,Tripti Parsa,Male,ECE,2,60
S0955,Radhika Rama,Male,ECE,2,90
S0956,Pavani Sarkar,Male,ME,3,92
S0957,Sanaya Sachdeva,Female,IT,4,69
S0958,Meghana Natt,Female,CSE,1,85
S0959,Keya Krishna,Female,CSE,1,87
S0960,Brinda Kuruvilla,Male,IT,4,85
S0961,Yoshita Din,Male,CSE,1,74
S0962,Qasim Comar,Male,ECE,1,87
S0963,Aditya Nori,Female,CE,2,73
S0964,Pavani Garg,Female,IT,3,68
S0965,Edhitha Bedi,Male,IT,4,77
S0966,Girik Bumb,Female,CSE,1,83
S0967,Victor Taneja,Female,CSE,4,67
S0968,George Dyal,Male,CSE,4,83
S0969,Upkaar Dyal,Male,ECE,3,79
S0970,Darika Wagle,Female,CSE,4,71
S0971,Banjeet Barad,Female,CE,2,87
S0972,Chatura Subramanian,Male,CE,4,75
S0973,Xavier Srivastava,Male,CE,1,67
S0974,Barkha Nanda,Male,CSE,4,92
S0975,Samaksh Varghese,Female,ECE,2,76
S0976,Robert Narasimhan,Male,CSE,1,88
S0977,Triya Dara,Female,IT,4,94
S0978,Radha Panchal,Male,ECE,2,60
S0979,Vincent Zacharia,Male,IT,3,68
S0980,Yashoda Patla,Female,IT,4,92
S0981,Jai Chatterjee,Male,ME,1,95
S0982,Neel Sangha,Female,ECE,2,77
S0983,Vihaan Bala,Male,ECE,1,92
S0984,Warhi Deshmukh,Female,ECE,1,67
S0985,Aahana Purohit,Male,ECE,1,91
S0986,Qadim Halder,Female,CSE,4,79
S0987,Ridhi Doctor,Female,ECE,2,92
S0988,Oni Ratta,Female,CSE,3,91
S0989,Krishna Sarin,Female,ECE,2,87
S0990,Arunima Dey,Male,ECE,2,86
S0991,Jhalak Raj,Female,ME,1,90
S0992,Ranbir Kaul,Male,ECE,3,60
S0993,Aachal Grover,Female,CSE,1,97
S0994,Dipta Gopal,Female,IT,2,65
S0995,Damyanti Rai,Male,CSE,2,97
S0996,Libni Shroff,Female,ME,3,88
S0997,Nisha Deo,Female,ME,2,81
S0998,Pallavi Bath,Female,ECE,1,100
S0999,Upma Goswami,Male,ECE,4,68
S1000,Sarthak Goda,Female,CE,1,93
